collected_at,platform,title
2026-02-24 09:28:35,Munpia,"46판타지, 현대판타지좌천 후 투자의 신이 되었다더프리"
2026-02-24 09:28:35,Munpia,"52현대판타지, 로맨스건물주로 인생역전, 돈이 미쳤다!늬파랑"
2026-02-24 09:28:35,Munpia,"164현대판타지, 판타지생성형 AI가 뇌에 들어왔다연함™"
2026-02-24 09:28:35,Munpia,101대체역사아프리카를 통째로 먹었다운비양
2026-02-24 09:28:35,Munpia,"147판타지, 현대판타지해고당한 천재 엔지니어, 100조 가치를 보다강그린"
2026-02-24 09:28:35,Munpia,"112코인 재벌인 줄 모르고 이혼당했다원써겐현대판타지, 판타지8395"
2026-02-24 09:28:35,Munpia,"54회귀한 방산 재벌은 전쟁을 판다연무(煙霧)전쟁·밀리터리, 대체역사221,091"
2026-02-24 09:28:35,Munpia,"75현대판타지, 판타지미국 시골에 사탕가게를 열었다앤비욘"
2026-02-24 09:28:35,Munpia,"19방송했더니 천재 의사로 착각당했다저기요선생현대판타지, 드라마22,851"
2026-02-24 09:28:35,Munpia,"42만렙 사령술사의 무림 생활케이로드퓨전, 무협181,394"
2026-02-24 09:28:35,Munpia,"174현대판타지, 퓨전고물템에서 터진 EX급 스킬로 꿀 빱니다폭스테일"
2026-02-24 09:28:35,Munpia,"120게임, 판타지굿즈 쓰는 대마법사다원."
2026-02-24 09:28:35,Munpia,"102현대판타지, 퓨전강남 건물주인데 취직합니다에바트리체"
2026-02-24 09:28:35,Munpia,86현대판타지시골 박물관장이 유물을 잘 찾아옴.필빛
2026-02-24 09:28:35,Munpia,119괴물판사도시이인현대판타지23368
2026-02-24 09:28:35,Munpia,연재·완결작
2026-02-24 09:28:35,Munpia,관심태그
2026-02-24 09:28:35,Munpia,유료웹소설
2026-02-24 09:28:35,Munpia,"65NBA 악동의 농구 스트리밍토마뚜스포츠, 현대판타지7905"
2026-02-24 09:28:35,Munpia,"17얼어붙은 세상에서 빙결 헌터로 사는 법MOS™현대판타지, 퓨전62,918"
2026-02-24 09:28:35,Munpia,170만주를 점령한 조선 독립군단!흑곰작가현대판타지6201
2026-02-24 09:28:35,Munpia,671718 검은머리 해적왕으로 착각당했다.열이틀대체역사22885
2026-02-24 09:28:35,Munpia,"99시간 정지 능력으로 탑 등반봡바봡현대판타지, 퓨전22476"
2026-02-24 09:28:35,Munpia,67대체역사1718 검은머리 해적왕으로 착각당했다.열이틀
2026-02-24 09:28:35,Munpia,청소년보호정책
2026-02-24 09:28:35,Munpia,"39혐성 영국 해군의 제독이 되었다I알자스I대체역사, 전쟁·밀리터리241,464"
2026-02-24 09:28:35,Munpia,"41전능의 노가다꾼이 되었다퀀퀀현대판타지61,419"
2026-02-24 09:28:35,Munpia,"77현대판타지, 드라마미국 천재 감정사가 트럭 몰고 보물 주워서 인생역전글빚"
2026-02-24 09:28:35,Munpia,"40딸깍 한 번에 천재 배우로 착각 당했다비누향현대판타지, 판타지181,430"
2026-02-24 09:28:35,Munpia,"26현대판타지, 퓨전대기업이 내 쓰레기에 줄을 선다.피엠피1"
2026-02-24 09:28:35,Munpia,"87재앙급 귀환자가 힘을 안 숨김글택현대판타지, 퓨전23604"
2026-02-24 09:28:35,Munpia,90퇴사 후 동물과 대화해서 돈 벌기아포크현대판타지10577
2026-02-24 09:28:35,Munpia,"36현대판타지, 퓨전해고된 가장이 투자의 신이다소보로설"
2026-02-24 09:28:35,Munpia,"32현대판타지, 드라마미국 깡촌의 보물 사냥꾼kangyou"
2026-02-24 09:28:35,Munpia,"14현대판타지, 판타지하남자가 괴력을 각성함소탐자"
2026-02-24 09:28:35,Munpia,"42퓨전, 무협만렙 사령술사의 무림 생활케이로드"
2026-02-24 09:28:35,Munpia,"109무협, 판타지전신귀환재미핥기"
2026-02-24 09:28:35,Munpia,"4멸망한 왕국의 소드마스터시가렛판타지209,305"
2026-02-24 09:28:35,Munpia,제6회 (2020년)
2026-02-24 09:28:35,Munpia,"91정리해고 후 EX급 드래곤의 힘을 얻었다모모56현대판타지, 판타지21576"
2026-02-24 09:28:35,Munpia,"22현대판타지, 드라마회귀했더니 저작권료가 미친 듯이 쌓임햇살쨍"
2026-02-24 09:28:35,Munpia,68현대판타지연재 완결한 만화가 대박나 있었다따상
2026-02-24 09:28:35,Munpia,"189미국 천재 감정사가 보물을 너무 잘 찾아서 돈이 쏟아짐마싯다현대판타지, 드라마3151"
2026-02-24 09:28:35,Munpia,"97현대판타지, 판타지각성 후 미국 창고경매로 떼돈이 벌림기시감이"
2026-02-24 09:28:35,Munpia,"156왕도의 문지기는 신문을 읽는다신노아퓨전, 판타지4243"
2026-02-24 09:28:35,Munpia,한국웹소설작가협회
2026-02-24 09:28:35,Munpia,41현대판타지전능의 노가다꾼이 되었다퀀퀀
2026-02-24 09:28:35,Munpia,작품추천
2026-02-24 09:28:35,Munpia,월간 베스트
2026-02-24 09:28:35,Munpia,"166무협, 판타지탄지신공김가루™"
2026-02-24 09:28:35,Munpia,118대체역사[삼국지]: 유비군의 왕좌지재나뭇잎1
2026-02-24 09:28:35,Munpia,68연재 완결한 만화가 대박나 있었다따상현대판타지21880
2026-02-24 09:28:35,Munpia,개인정보처리방침
2026-02-24 09:28:35,Munpia,공지사항
2026-02-24 09:28:35,Munpia,"58천재타자는 대충하기로 했다김산본스포츠, 현대판타지6994"
2026-02-24 09:28:35,Munpia,비밀번호 찾기
2026-02-24 09:28:35,Munpia,"7천재 투수인데 벤클을 더 잘함희도스포츠185,435"
2026-02-24 09:28:35,Munpia,제5회 (2019년)
2026-02-24 09:28:35,Munpia,143현대판타지자동사냥의 신전명
2026-02-24 09:28:35,Munpia,49현대판타지위기 감지 능력으로 역대급 회사원새결
2026-02-24 09:28:35,Munpia,"75미국 시골에 사탕가게를 열었다앤비욘현대판타지, 판타지9796"
2026-02-24 09:28:35,Munpia,"190엑스트라가 너무 강함몽랑괴행퓨전, 현대판타지7148"
2026-02-24 09:28:35,Munpia,"44현대판타지, 판타지EX급 뱀파이어로 각성했더니 파밍이 미쳤다디월스"
2026-02-24 09:28:35,Munpia,"187서른둘 아빠에게 몰빵해서 금수저 되기아멋밍현대판타지, 대체역사11158"
2026-02-24 09:28:35,Munpia,"156퓨전, 판타지왕도의 문지기는 신문을 읽는다신노아"
2026-02-24 09:28:35,Munpia,197깨어나니 밀린 저작권료가 쏟아졌다.열뚜시현대판타지8133
2026-02-24 09:28:35,Munpia,"25현대판타지, 퓨전재활만 했는데 드래곤의 힘을 얻었다글포터"
2026-02-24 09:28:35,Munpia,"127미군 잠수함 함장이 한국을 독립시킴암여파더대체역사, 전쟁·밀리터리18340"
2026-02-24 09:28:35,Munpia,74게이트 재개발했더니 힐링이 미쳤다나이와키현대판타지6798
2026-02-24 09:28:35,Munpia,"18사교육의 신이 되었다손병장현대판타지232,892"
2026-02-24 09:28:35,Munpia,"124현대판타지, 퓨전마왕 삼촌이 돌아왔다반짝일"
2026-02-24 09:28:35,Munpia,IP사업문의
2026-02-24 09:28:35,Munpia,"186너는 괴이 나는 마법사게블판타지, 현대판타지4163"
2026-02-24 09:28:35,Munpia,"28조선 백정이 영어 잘하니 역사가 미쳤다하마버지대체역사211,913"
2026-02-24 09:28:35,Munpia,63현대판타지장사 천재 회사원이 미국에서 힐링함지나83
2026-02-24 09:28:35,Munpia,85선협에서 영초의 상태창이 보임진망둥무협6628
2026-02-24 09:28:35,Munpia,"178자원 만드는 중동 독재자 둘째아들주키니현대판타지, 대체역사9182"
2026-02-24 09:28:35,Munpia,71회사원이 천재 마법사임광별현대판타지7852
2026-02-24 09:28:35,Munpia,"59만렙 무당의 신빨이 폭발함마틴이네현대판타지, 판타지20978"
2026-02-24 09:28:35,Munpia,"99현대판타지, 퓨전시간 정지 능력으로 탑 등반봡바봡"
2026-02-24 09:28:35,Munpia,"78파혼 후 일본 여자와 바닷마을 힐링 라이프이하담담현대판타지, 드라마18718"
2026-02-24 09:28:35,Munpia,"58스포츠, 현대판타지천재타자는 대충하기로 했다김산본"
2026-02-24 09:28:35,Munpia,"191나 혼자 EX급 먼치킨 클래스잔나비V현대판타지, 퓨전6141"
2026-02-24 09:28:35,Munpia,135자동차 부속상가에서 대기업을 꿀꺽하다.앤볼현대판타지6300
2026-02-24 09:28:35,Munpia,"188현대판타지, 판타지총알을 만들었더니 미국이 나를 찾아옴임완"
2026-02-24 09:28:35,Munpia,"61간절한 천재는 NBA를 씹어 먹는다미에크스포츠, 현대판타지10963"
2026-02-24 09:28:35,Munpia,"62회귀한 부장님의 취미는 유가 숏 치기비연(非然)현대판타지, 대체역사11960"
2026-02-24 09:28:35,Munpia,"12810성급 힐러가 귀환했다로켓배송현대판타지, 판타지6338"
2026-02-24 09:28:35,Munpia,"16현대판타지쉽다, 쓰레기 산에서 비트코인 십만 개 수집합니다드렁컨66"
2026-02-24 09:28:35,Munpia,"48판타지에서 나 혼자 선협식 수련불로수선전판타지, 무협221,271"
2026-02-24 09:28:35,Munpia,50무협나는 마교 하급무사 집안에서 태어났다맥진
2026-02-24 09:28:35,Munpia,"15결혼당하고 인생이 터졌다아이스바인™현대판타지83,327"
2026-02-24 09:28:35,Munpia,"31현대판타지, 판타지연금 250억 받는데 퇴물 연예인들이 눈에 밟힘장탄"
2026-02-24 09:28:35,Munpia,"193무협, 퓨전대지를 울리는 토속성 수선자가 되었다.콴스"
2026-02-24 09:28:35,Munpia,165무협의생이 뭔가를 숨김탄마
2026-02-24 09:28:35,Munpia,"36해고된 가장이 투자의 신이다소보로설현대판타지, 퓨전101,570"
2026-02-24 09:28:35,Munpia,제4회 (2018년)
2026-02-24 09:28:35,Munpia,문피아 이벤트
2026-02-24 09:28:35,Munpia,"150내가 왜 150억을 받는지 모르겠다.사키만자루스포츠, 퓨전12265"
2026-02-24 09:28:35,Munpia,"172방출당했더니 메이저리그를 찢음시크릿K스포츠, 현대판타지23193"
2026-02-24 09:28:35,Munpia,"162무협, 판타지천하제일 막내제자재미핥기"
2026-02-24 09:28:35,Munpia,"112현대판타지, 판타지코인 재벌인 줄 모르고 이혼당했다원써겐"
2026-02-24 09:28:35,Munpia,"153사내매점 사장이 대기업 대주주얄랼랼랴드라마, 일반소설18246"
2026-02-24 09:28:35,Munpia,"195귀환자 삼촌이 요리를 너무 잘함배부른콩현대판타지, 퓨전8139"
2026-02-24 09:28:35,Munpia,"9반도체 대기업이 죽고 못사는 엔지니어가 되었다돌의미현대판타지244,861"
2026-02-24 09:28:35,Munpia,"73현대판타지, 드라마퇴사 후 건물주 말고 대지주제이리밋"
2026-02-24 09:28:35,Munpia,"33현대판타지, 퓨전출소했더니 핵미사일이 1만개더페이서"
2026-02-24 09:28:35,Munpia,"13강남 슈퍼카들이 내 정비소에 줄을 섬담하파현대판타지114,001"
2026-02-24 09:28:35,Munpia,181판타지늙은 군인은 전선을 간다FTK
2026-02-24 09:28:35,Munpia,"199고인물 용병이 회귀했다블루티풀판타지, 퓨전23125"
2026-02-24 09:28:35,Munpia,143자동사냥의 신전명현대판타지18286
2026-02-24 09:28:35,Munpia,"35역대급 얼굴 천재가 연예계를 씹어먹음유죄입니다현대판타지, 드라마101,636"
2026-02-24 09:28:35,Munpia,"151탑에 오아시스 팠더니 돈이 미쳤다호랑해현대판타지, 판타지10262"
2026-02-24 09:28:35,Munpia,"194현대판타지, 대체역사회귀한 코인 재벌, 이혼부터 합니다덕죽"
2026-02-24 09:28:35,Munpia,27현대판타지탈모약 개발했더니 백악관에서 전화옴Mrpotato
2026-02-24 09:28:35,Munpia,"76무협, 판타지장생 룰렛으로 도조가 되다독영운"
2026-02-24 09:28:35,Munpia,"11위현대판타지해고 후 SSS급 주술사 각성아우송시간21조회15,456"
2026-02-24 09:28:35,Munpia,1482002년 고3은 돈 복사가 쉽다짼또리현대판타지8268
2026-02-24 09:28:35,Munpia,"125대체역사, 전쟁·밀리터리로마 11 군단장 이야기만수산"
2026-02-24 09:28:35,Munpia,연령대 베스트
2026-02-24 09:28:35,Munpia,사업자 정보 확인
2026-02-24 09:28:35,Munpia,연재신청
2026-02-24 09:28:35,Munpia,"117판타지, 퓨전철혈제국 전쟁광으로 착각당했다코노트"
2026-02-24 09:28:35,Munpia,"175능력 복사로 아포칼립스 최강가죽갑옷현대판타지, 퓨전3189"
2026-02-24 09:28:35,Munpia,"138대체역사, 현대판타지장악 1997.통조림9호"
2026-02-24 09:28:35,Munpia,"125로마 11 군단장 이야기만수산대체역사, 전쟁·밀리터리21341"
2026-02-24 09:28:35,Munpia,"78현대판타지, 드라마파혼 후 일본 여자와 바닷마을 힐링 라이프이하담담"
2026-02-24 09:28:35,Munpia,88현대판타지군대에 700번 갔다오니 너무 강해짐정글포켓
2026-02-24 09:28:35,Munpia,"5현대판타지, 판타지미국에서 작곡했더니 저작권료가 쏟아짐허율(許聿)"
2026-02-24 09:28:35,Munpia,"84대체역사, 현대판타지검은머리 미국 대지주daybreak95"
2026-02-24 09:28:35,Munpia,"155탑 바깥의 아포칼립스일구현대판타지, 퓨전11244"
2026-02-24 09:28:35,Munpia,"131현대판타지, 스포츠전능의 몸을 얻어버렸다.폭오내"
2026-02-24 09:28:35,Munpia,"168지구 깡촌의 검은머리 독재자메이킹S현대판타지, 드라마10204"
2026-02-24 09:28:35,Munpia,"113귀환한 삼촌은 안드로이드 사령관뜨겔현대판타지, 판타지5386"
2026-02-24 09:28:35,Munpia,"180무림괴물이 진짜 안 죽음미립무협, 퓨전21175"
2026-02-24 09:28:35,Munpia,"66현대판타지, 판타지재해급 쉬었음 청년양승훈"
2026-02-24 09:28:35,Munpia,163현대판타지공장 잘린 후 대박 자리가 보임고대신
2026-02-24 09:28:35,Munpia,94현대판타지국가 권력급 사모펀드를 만들었다강수로
2026-02-24 09:28:35,Munpia,"154현대판타지, 판타지이혼한 귀환자는 세계가 집착하는 천재 용병하늘마당"
2026-02-24 09:28:35,Munpia,신인 베스트
2026-02-24 09:28:35,Munpia,지상최대 (2024년)
2026-02-24 09:28:35,Munpia,성인 베스트
2026-02-24 09:28:35,Munpia,"105대체역사, 퓨전전설급 용병, 동북군벌이 되어 제국을 겨누다.다물랑"
2026-02-24 09:28:35,Munpia,"134스포츠, 현대판타지좌천된 회사원이 영국 깡촌 축구팀을 살림블라님"
2026-02-24 09:28:35,Munpia,"153드라마, 일반소설사내매점 사장이 대기업 대주주얄랼랼랴"
2026-02-24 09:28:35,Munpia,"52건물주로 인생역전, 돈이 미쳤다!늬파랑현대판타지, 로맨스51,153"
2026-02-24 09:28:35,Munpia,"64대체역사, 라이트노벨17세기 스페인에서 귀농합니다.핀치의예감"
2026-02-24 09:28:35,Munpia,"121현대판타지, 퓨전이번 생은 S랭크입니다토이카"
2026-02-24 09:28:35,Munpia,"133스포츠, 현대판타지히딩크와 퍼거슨이 나만 본다웹소라디오"
2026-02-24 09:28:35,Munpia,"103메이저리그의 전설의 되겠다한유림스포츠, 현대판타지2440"
2026-02-24 09:28:35,Munpia,"160애완식물이 던전을 경작함공여판타지, 현대판타지24229"
2026-02-24 09:28:35,Munpia,"184만능 잠수부가 바다보물로 인생초대박활자로이드현대판타지, 판타지20168"
2026-02-24 09:28:35,Munpia,다운로드베스트
2026-02-24 09:28:35,Munpia,"154이혼한 귀환자는 세계가 집착하는 천재 용병하늘마당현대판타지, 판타지7246"
2026-02-24 09:28:35,Munpia,"39대체역사, 전쟁·밀리터리혐성 영국 해군의 제독이 되었다I알자스I"
2026-02-24 09:28:35,Munpia,74현대판타지게이트 재개발했더니 힐링이 미쳤다나이와키
2026-02-24 09:28:35,Munpia,글로세움 (2024년)
2026-02-24 09:28:35,Munpia,80현대판타지전능의 눈으로 유물 다 찾음원일더
2026-02-24 09:28:35,Munpia,90현대판타지퇴사 후 동물과 대화해서 돈 벌기아포크
2026-02-24 09:28:35,Munpia,"73퇴사 후 건물주 말고 대지주제이리밋현대판타지, 드라마10799"
2026-02-24 09:28:35,Munpia,"179고려말기 주원장의 원한을 얻고 재물로 만주를 사버렸다우주사랑대체역사, 판타지19178"
2026-02-24 09:28:35,Munpia,"149현대판타지, 대체역사핵잠수함 타고 조선 재벌까만눈"
2026-02-24 09:28:35,Munpia,"8미국 깡촌의 검은머리 천재 공무원아우라빈현대판타지205,337"
2026-02-24 09:28:35,Munpia,유료 웹소설
2026-02-24 09:28:35,Munpia,"186판타지, 현대판타지너는 괴이 나는 마법사게블"
2026-02-24 09:28:35,Munpia,"35현대판타지, 드라마역대급 얼굴 천재가 연예계를 씹어먹음유죄입니다"
2026-02-24 09:28:35,Munpia,아이디 찾기
2026-02-24 09:28:35,Munpia,"22회귀했더니 저작권료가 미친 듯이 쌓임햇살쨍현대판타지, 드라마212,323"
2026-02-24 09:28:35,Munpia,152스포츠딸만 키웠는데 구속이 160km에 RPM이 3000B군
2026-02-24 09:28:35,Munpia,"151현대판타지, 판타지탑에 오아시스 팠더니 돈이 미쳤다호랑해"
2026-02-24 09:28:35,Munpia,"139동유럽 여행사 사장이 유물 감정으로 인생 역전Zeta.현대판타지, 판타지1296"
2026-02-24 09:28:35,Munpia,"161현대판타지, 라이트노벨이거 럽코 빙의물인가요두유하이볼"
2026-02-24 09:28:35,Munpia,"141문과출신 기술개발로 대재벌호균박현대판타지, 퓨전11292"
2026-02-24 09:28:35,Munpia,"192현대판타지, 퓨전귀환한 천재는 대박 농사꾼랑몰아"
2026-02-24 09:28:35,Munpia,15현대판타지결혼당하고 인생이 터졌다아이스바인™
2026-02-24 09:28:35,Munpia,"46좌천 후 투자의 신이 되었다더프리판타지, 현대판타지221,347"
2026-02-24 09:28:35,Munpia,116현대판타지B급 헌터로 살아남기컵라면.
2026-02-24 09:28:35,Munpia,"192귀환한 천재는 대박 농사꾼랑몰아현대판타지, 퓨전20141"
2026-02-24 09:28:35,Munpia,"129현대판타지, 판타지아포칼립스 회귀 재벌의 강철 쉘터건쇼"
2026-02-24 09:28:35,Munpia,"현대판타지, 드라마전천후 연예생활백서자경(蔗境)"
2026-02-24 09:28:35,Munpia,"198대체역사ROTC군주, 제국 창업기JK임선달"
2026-02-24 09:28:35,Munpia,"54전쟁·밀리터리, 대체역사회귀한 방산 재벌은 전쟁을 판다연무(煙霧)"
2026-02-24 09:28:35,Munpia,투데이 베스트
2026-02-24 09:28:35,Munpia,"136상속받은 뒷마당에 마석 광산이 열렸다글쓰는벌레현대판타지, 판타지18299"
2026-02-24 09:28:35,Munpia,"17현대판타지, 퓨전얼어붙은 세상에서 빙결 헌터로 사는 법MOS™"
2026-02-24 09:28:35,Munpia,"34사령술을 숨긴 무당이 다 잘함황시우현대판타지, 판타지201,658"
2026-02-24 09:28:35,Munpia,"55낭인은 무림에 산다인간방패무협81,056"
2026-02-24 09:28:35,Munpia,"174고물템에서 터진 EX급 스킬로 꿀 빱니다폭스테일현대판타지, 퓨전10190"
2026-02-24 09:28:35,Munpia,"142재앙급 무당이 미국에서 너무 강함기시감이현대판타지, 판타지18286"
2026-02-24 09:28:35,Munpia,"게임, 퓨전BJ대마도사디다트"
2026-02-24 09:28:35,Munpia,122현대판타지나 혼자 귀신과 거래해서 강남 건물주 됨오징어금값
2026-02-24 09:28:35,Munpia,"115고도의 유전자를 숨김김리노현대판타지, 퓨전24385"
2026-02-24 09:28:35,Munpia,"33출소했더니 핵미사일이 1만개더페이서현대판타지, 퓨전181,687"
2026-02-24 09:28:35,Munpia,"105전설급 용병, 동북군벌이 되어 제국을 겨누다.다물랑대체역사, 퓨전10421"
2026-02-24 09:28:35,Munpia,"29방출당한 아이돌한테 저작권료가 계속 쌓임폭오내현대판타지51,849"
2026-02-24 09:28:35,Munpia,"158작은 전능헌터쿠우울현대판타지, 퓨전24236"
2026-02-24 09:28:35,Munpia,"158현대판타지, 퓨전작은 전능헌터쿠우울"
2026-02-24 09:28:35,Munpia,유료이용약관
2026-02-24 09:28:35,Munpia,"47대체역사, 판타지삼국지, 원소의 천재아들이 되었다신유(愼惟)"
2026-02-24 09:28:35,Munpia,"190퓨전, 현대판타지엑스트라가 너무 강함몽랑괴행"
2026-02-24 09:28:35,Munpia,13현대판타지강남 슈퍼카들이 내 정비소에 줄을 섬담하파
2026-02-24 09:28:35,Munpia,"114비닐하우스에서 자연산 송이가 자란다인우인현대판타지, 퓨전22386"
2026-02-24 09:28:35,Munpia,51현대판타지칼 맞고 천재 감정사염주
2026-02-24 09:28:35,Munpia,4판타지멸망한 왕국의 소드마스터시가렛
2026-02-24 09:28:35,Munpia,"45현대판타지, 판타지귀환했더니 천재무당으로 착각당했다.알랜더"
2026-02-24 09:28:35,Munpia,선호작 베스트
2026-02-24 09:28:35,Munpia,86시골 박물관장이 유물을 잘 찾아옴.필빛현대판타지9611
2026-02-24 09:28:35,Munpia,"81현대판타지, 판타지망한 아이돌이 작곡을 너무 잘함건웅이"
2026-02-24 09:28:35,Munpia,"38현대판타지, 판타지퇴사 후 SSS급 심마니로 각성했다.탄뽀"
2026-02-24 09:28:35,Munpia,"6현대판타지, 퓨전내 코인 2,000,000％ 폭등, 이혼부터 합니다!카이남"
2026-02-24 09:28:35,Munpia,자유연재
2026-02-24 09:28:35,Munpia,골드 충전
2026-02-24 09:28:35,Munpia,108현대판타지퇴사한 삼촌이 재해급 홍수를 소환함죽엇푹
2026-02-24 09:28:35,Munpia,"130현대판타지, 판타지초월급 호텔을 물려받았다왜그래놀라"
2026-02-24 09:28:35,Munpia,베스트 셀러
2026-02-24 09:28:35,Munpia,"157현대판타지, 퓨전회귀한 천재 검사는 헌터 수집으로 EX급 사령술사하늘너굴"
2026-02-24 09:28:35,Munpia,"183현대판타지, 퓨전취업했는데 저작권료가 대박났다에바트리체"
2026-02-24 09:28:35,Munpia,"149핵잠수함 타고 조선 재벌까만눈현대판타지, 대체역사23267"
2026-02-24 09:28:35,Munpia,10현대판타지재벌 후계자는 망하고 싶어곽탁타
2026-02-24 09:28:35,Munpia,"32미국 깡촌의 보물 사냥꾼kangyou현대판타지, 드라마221,688"
2026-02-24 09:28:35,Munpia,"95무협, 현대판타지화산파 천재는 게이트에서 레벨업한다호끼"
2026-02-24 09:28:35,Munpia,"114현대판타지, 퓨전비닐하우스에서 자연산 송이가 자란다인우인"
2026-02-24 09:28:35,Munpia,"50나는 마교 하급무사 집안에서 태어났다맥진무협121,217"
2026-02-24 09:28:35,Munpia,"104현대판타지, 판타지깡촌 천재 화가가 과거를 숨김애플비니거"
2026-02-24 09:28:35,Munpia,골든 베스트
2026-02-24 09:28:35,Munpia,"76장생 룰렛으로 도조가 되다독영운무협, 판타지7761"
2026-02-24 09:28:35,Munpia,82은퇴한 괴물 변호사 시골카페에서 참교육을 볶습니다장무무현대판타지9651
2026-02-24 09:28:35,Munpia,"141현대판타지, 퓨전문과출신 기술개발로 대재벌호균박"
2026-02-24 09:28:35,Munpia,108퇴사한 삼촌이 재해급 홍수를 소환함죽엇푹현대판타지20412
2026-02-24 09:28:35,Munpia,"176현대판타지, 퓨전무한 마력의 신화급 헌터가 되었다글깎는토끼"
2026-02-24 09:28:35,Munpia,132전능의 몸으로 회귀하다오천광현대판타지18317
2026-02-24 09:28:35,Munpia,"195현대판타지, 퓨전귀환자 삼촌이 요리를 너무 잘함배부른콩"
2026-02-24 09:28:35,Munpia,"98미국 통조림 왕이 되었다살틀글쟁이현대판타지, 대체역사5495"
2026-02-24 09:28:35,Munpia,"199판타지, 퓨전고인물 용병이 회귀했다블루티풀"
2026-02-24 09:28:35,Munpia,163공장 잘린 후 대박 자리가 보임고대신현대판타지10218
2026-02-24 09:28:35,Munpia,"147해고당한 천재 엔지니어, 100조 가치를 보다강그린판타지, 현대판타지23279"
2026-02-24 09:28:35,Munpia,"107현대판타지, 판타지신화급 창고를 가지고 귀환했다느린생각"
2026-02-24 09:28:35,Munpia,"24스포츠, 현대판타지골키퍼를 때려치니 괴물 천재 득점왕교리패인"
2026-02-24 09:28:35,Munpia,88군대에 700번 갔다오니 너무 강해짐정글포켓현대판타지22594
2026-02-24 09:28:35,Munpia,167나 혼자 아포칼립스 자원 무한 앞마당하얀색고래현대판타지23207
2026-02-24 09:28:35,Munpia,144이혼 후 해고까지 당했는데 로또를 맞아서 오히려 좋아!흑곰작가현대판타지23284
2026-02-24 09:28:35,Munpia,"70주식 천재인 거 나만 모름탈주병현대판타지, 퓨전10866"
2026-02-24 09:28:35,Munpia,"19현대판타지, 드라마방송했더니 천재 의사로 착각당했다저기요선생"
2026-02-24 09:28:35,Munpia,"21귀환한 삼촌이 국가에게 버림받음차강현대판타지, 판타지202,641"
2026-02-24 09:28:35,Munpia,144현대판타지이혼 후 해고까지 당했는데 로또를 맞아서 오히려 좋아!흑곰작가
2026-02-24 09:28:35,Munpia,"83곧 망할 대기업의 오너 일가가 되었다송장벌레현대판타지, 판타지7648"
2026-02-24 09:28:35,Munpia,일반연재
2026-02-24 09:28:35,Munpia,"120굿즈 쓰는 대마법사다원.게임, 판타지6367"
2026-02-24 09:28:35,Munpia,"27탈모약 개발했더니 백악관에서 전화옴Mrpotato현대판타지61,956"
2026-02-24 09:28:35,Munpia,"40현대판타지, 판타지딸깍 한 번에 천재 배우로 착각 당했다비누향"
2026-02-24 09:28:35,Munpia,"97각성 후 미국 창고경매로 떼돈이 벌림기시감이현대판타지, 판타지18496"
2026-02-24 09:28:35,Munpia,"61스포츠, 현대판타지간절한 천재는 NBA를 씹어 먹는다미에크"
2026-02-24 09:28:35,Munpia,"169스포츠, 현대판타지방출된 원클럽맨은 착각을 유도하지 못했다난길."
2026-02-24 09:28:35,Munpia,"72우리 아빠는 재해 테이머리슝현대판타지, 판타지11812"
2026-02-24 09:28:35,Munpia,"136현대판타지, 판타지상속받은 뒷마당에 마석 광산이 열렸다글쓰는벌레"
2026-02-24 09:28:35,Munpia,"31연금 250억 받는데 퇴물 연예인들이 눈에 밟힘장탄현대판타지, 판타지211,829"
2026-02-24 09:28:35,Munpia,작가연재
2026-02-24 09:28:35,Munpia,"25재활만 했는데 드래곤의 힘을 얻었다글포터현대판타지, 퓨전22,092"
2026-02-24 09:28:35,Munpia,"140삼국지 : 회사원이 눈치를 보면 생기는 일chowoe판타지, 대체역사13293"
2026-02-24 09:28:35,Munpia,8현대판타지미국 깡촌의 검은머리 천재 공무원아우라빈
2026-02-24 09:28:35,Munpia,"134좌천된 회사원이 영국 깡촌 축구팀을 살림블라님스포츠, 현대판타지23305"
2026-02-24 09:28:35,Munpia,"187현대판타지, 대체역사서른둘 아빠에게 몰빵해서 금수저 되기아멋밍"
2026-02-24 09:28:35,Munpia,148현대판타지2002년 고3은 돈 복사가 쉽다짼또리
2026-02-24 09:28:35,Munpia,"92신이 찍어준 주식으로 돈이 미치게 쌓임큭큭큭현대판타지, 판타지24565"
2026-02-24 09:28:35,Munpia,"115현대판타지, 퓨전고도의 유전자를 숨김김리노"
2026-02-24 09:28:35,Munpia,"123현대판타지, 판타지지옥의 SSS급 각성자는 악인을 섬멸한다에쮸드"
2026-02-24 09:28:35,Munpia,"106현대판타지, 퓨전먼치킨 삼촌의 탑 공략법빠르송"
2026-02-24 09:28:35,Munpia,제2회 (2016년)
2026-02-24 09:28:35,Munpia,"69현대판타지, 판타지헌터 협회장이 일을 너무 잘함도도새사촌"
2026-02-24 09:28:35,Munpia,167현대판타지나 혼자 아포칼립스 자원 무한 앞마당하얀색고래
2026-02-24 09:28:35,Munpia,"176무한 마력의 신화급 헌터가 되었다글깎는토끼현대판타지, 퓨전11183"
2026-02-24 09:28:35,Munpia,"79현대판타지, 퓨전게임 속 퀘스트, 보상은 현실에서한소™"
2026-02-24 09:28:35,Munpia,고객지원
2026-02-24 09:28:35,Munpia,"93500억 건물주라 취미로 게임하는데 수익이 미침캡틴땃쥐현대판타지, 퓨전21524"
2026-02-24 09:28:35,Munpia,"117철혈제국 전쟁광으로 착각당했다코노트판타지, 퓨전18378"
2026-02-24 09:28:35,Munpia,"106먼치킨 삼촌의 탑 공략법빠르송현대판타지, 퓨전18418"
2026-02-24 09:28:35,Munpia,"113현대판타지, 판타지귀환한 삼촌은 안드로이드 사령관뜨겔"
2026-02-24 09:28:35,Munpia,181늙은 군인은 전선을 간다FTK판타지22174
2026-02-24 09:28:35,Munpia,"21현대판타지, 판타지귀환한 삼촌이 국가에게 버림받음차강"
2026-02-24 09:28:35,Munpia,"57현대판타지, 퓨전퇴사 후 EX급 유해종들이 나에게만 복종함크라우트"
2026-02-24 09:28:35,Munpia,지상최대 (2025년)
2026-02-24 09:28:35,Munpia,111현대판타지대뜸 잘생겨졌더니 세상이 너무 쉽다힐링이좋다
2026-02-24 09:28:35,Munpia,"133히딩크와 퍼거슨이 나만 본다웹소라디오스포츠, 현대판타지6310"
2026-02-24 09:28:35,Munpia,"121이번 생은 S랭크입니다토이카현대판타지, 퓨전23364"
2026-02-24 09:28:35,Munpia,"57퇴사 후 EX급 유해종들이 나에게만 복종함크라우트현대판타지, 퓨전101,003"
2026-02-24 09:28:35,Munpia,"189현대판타지, 드라마미국 천재 감정사가 보물을 너무 잘 찾아서 돈이 쏟아짐마싯다"
2026-02-24 09:28:35,Munpia,"20판타지, 퓨전포방부 소환사칼튼90"
2026-02-24 09:28:35,Munpia,"43꿈에서 국정원 요원이었음 현실은 재벌 3세인데강준현판타지, 현대판타지191,384"
2026-02-24 09:28:35,Munpia,"12판초우의의 마법사하드폭발판타지, 퓨전224,532"
2026-02-24 09:28:35,Munpia,"109전신귀환재미핥기무협, 판타지11405"
2026-02-24 09:28:35,Munpia,"대체역사, 퓨전1588 샤인머스캣으로 귀농 왔더니 신대륙간다왼쪽"
2026-02-24 09:28:35,Munpia,"110판타지, 퓨전백작가의 서자는 재앙급 드루이드그림자꾼"
2026-02-24 09:28:35,Munpia,"49위기 감지 능력으로 역대급 회사원새결현대판타지91,245"
2026-02-24 09:28:35,Munpia,"65스포츠, 현대판타지NBA 악동의 농구 스트리밍토마뚜"
2026-02-24 09:28:35,Munpia,96현대판타지물리천재가 세계 법칙을 재창조함김텅장
2026-02-24 09:28:35,Munpia,"33위현대판타지, 판타지퇴사 후 아포칼립스로 출근합니다포더엠시간24조회10,385"
2026-02-24 09:28:35,Munpia,80전능의 눈으로 유물 다 찾음원일더현대판타지22693
2026-02-24 09:28:35,Munpia,E-Book
2026-02-24 09:28:35,Munpia,"53방출당한 멤버가 음악천재였다주차장차장현대판타지, 드라마201,113"
2026-02-24 09:28:35,Munpia,"45귀환했더니 천재무당으로 착각당했다.알랜더현대판타지, 판타지81,368"
2026-02-24 09:28:35,Munpia,"130초월급 호텔을 물려받았다왜그래놀라현대판타지, 판타지23328"
2026-02-24 09:28:35,Munpia,"166탄지신공김가루™무협, 판타지19209"
2026-02-24 09:28:35,Munpia,"185환생한 외과의사는 죽는게 안두려움정오(正午)현대판타지, 대체역사7168"
2026-02-24 09:28:35,Munpia,커뮤니티
2026-02-24 09:28:35,Munpia,Ebook베스트
2026-02-24 09:28:35,Munpia,"83현대판타지, 판타지곧 망할 대기업의 오너 일가가 되었다송장벌레"
2026-02-24 09:28:35,Munpia,"191현대판타지, 퓨전나 혼자 EX급 먼치킨 클래스잔나비V"
2026-02-24 09:28:35,Munpia,"177대체역사, 판타지공민왕의 사생아가 대제국을 건설함여운(餘韻)"
2026-02-24 09:28:35,Munpia,"89웰빙 마왕의 중세 교정기간다왼쪽대체역사, 판타지2594"
2026-02-24 09:28:35,Munpia,"34현대판타지, 판타지사령술을 숨긴 무당이 다 잘함황시우"
2026-02-24 09:28:35,Munpia,"91현대판타지, 판타지정리해고 후 EX급 드래곤의 힘을 얻었다모모56"
2026-02-24 09:28:35,Munpia,무료웹소설
2026-02-24 09:28:35,Munpia,"177공민왕의 사생아가 대제국을 건설함여운(餘韻)대체역사, 판타지6182"
2026-02-24 09:28:35,Munpia,71현대판타지회사원이 천재 마법사임광별
2026-02-24 09:28:35,Munpia,"100현대판타지, 퓨전백 투 더 1985마인네스"
2026-02-24 09:28:35,Munpia,"56판타지, 현대판타지초월급 헌터인 줄 모르고 방출 당함차용"
2026-02-24 09:28:35,Munpia,"139현대판타지, 판타지동유럽 여행사 사장이 유물 감정으로 인생 역전Zeta."
2026-02-24 09:28:35,Munpia,"69헌터 협회장이 일을 너무 잘함도도새사촌현대판타지, 판타지6868"
2026-02-24 09:28:35,Munpia,29현대판타지방출당한 아이돌한테 저작권료가 계속 쌓임폭오내
2026-02-24 09:28:35,Munpia,"140판타지, 대체역사삼국지 : 회사원이 눈치를 보면 생기는 일chowoe"
2026-02-24 09:28:35,Munpia,"38퇴사 후 SSS급 심마니로 각성했다.탄뽀현대판타지, 판타지41,509"
2026-02-24 09:28:35,Munpia,"51칼 맞고 천재 감정사염주현대판타지191,215"
2026-02-24 09:28:35,Munpia,"157회귀한 천재 검사는 헌터 수집으로 EX급 사령술사하늘너굴현대판타지, 퓨전6236"
2026-02-24 09:28:35,Munpia,"89대체역사, 판타지웰빙 마왕의 중세 교정기간다왼쪽"
2026-02-24 09:28:35,Munpia,"184현대판타지, 판타지만능 잠수부가 바다보물로 인생초대박활자로이드"
2026-02-24 09:28:35,Munpia,"30현대판타지, 퓨전무한 각성 헌터가 되었다곰대리"
2026-02-24 09:28:35,Munpia,"24골키퍼를 때려치니 괴물 천재 득점왕교리패인스포츠, 현대판타지212,204"
2026-02-24 09:28:35,Munpia,"11현대판타지, 퓨전나 혼자 스켈레톤 1000마리로 탑 등반돔황차"
2026-02-24 09:28:35,Munpia,"185현대판타지, 대체역사환생한 외과의사는 죽는게 안두려움정오(正午)"
2026-02-24 09:28:35,Munpia,"93현대판타지, 퓨전500억 건물주라 취미로 게임하는데 수익이 미침캡틴땃쥐"
2026-02-24 09:28:35,Munpia,회원가입
2026-02-24 09:28:35,Munpia,"183취업했는데 저작권료가 대박났다에바트리체현대판타지, 퓨전3170"
2026-02-24 09:28:35,Munpia,"53현대판타지, 드라마방출당한 멤버가 음악천재였다주차장차장"
2026-02-24 09:28:35,Munpia,"168현대판타지, 드라마지구 깡촌의 검은머리 독재자메이킹S"
2026-02-24 09:28:35,Munpia,"47삼국지, 원소의 천재아들이 되었다신유(愼惟)대체역사, 판타지41,308"
2026-02-24 09:28:35,Munpia,유료 완결 베스트더보기+
2026-02-24 09:28:35,Munpia,"43판타지, 현대판타지꿈에서 국정원 요원이었음 현실은 재벌 3세인데강준현"
2026-02-24 09:28:35,Munpia,196현대판타지버려진 재벌가 막내가 천재성을 숨기지 않음일리온
2026-02-24 09:28:35,Munpia,119현대판타지괴물판사도시이인
2026-02-24 09:28:35,Munpia,장르별 베스트
2026-02-24 09:28:35,Munpia,지상최대 (2023년)
2026-02-24 09:28:35,Munpia,"178현대판타지, 대체역사자원 만드는 중동 독재자 둘째아들주키니"
2026-02-24 09:28:35,Munpia,28대체역사조선 백정이 영어 잘하니 역사가 미쳤다하마버지
2026-02-24 09:28:35,Munpia,170현대판타지만주를 점령한 조선 독립군단!흑곰작가
2026-02-24 09:28:35,Munpia,94국가 권력급 사모펀드를 만들었다강수로현대판타지8508
2026-02-24 09:28:35,Munpia,"79게임 속 퀘스트, 보상은 현실에서한소™현대판타지, 퓨전5695"
2026-02-24 09:28:35,Munpia,55무협낭인은 무림에 산다인간방패
2026-02-24 09:28:35,Munpia,63장사 천재 회사원이 미국에서 힐링함지나83현대판타지5948
2026-02-24 09:28:35,Munpia,122나 혼자 귀신과 거래해서 강남 건물주 됨오징어금값현대판타지9357
2026-02-24 09:28:35,Munpia,"77미국 천재 감정사가 트럭 몰고 보물 주워서 인생역전글빚현대판타지, 드라마19756"
2026-02-24 09:28:35,Munpia,제7회 (2021년)
2026-02-24 09:28:35,Munpia,"60100조 엔진 훔쳤더니 거물들이 내 앞에서 차렷 자세밑져야본전현대판타지, 퓨전22970"
2026-02-24 09:28:35,Munpia,"155현대판타지, 퓨전탑 바깥의 아포칼립스일구"
2026-02-24 09:28:35,Munpia,7스포츠천재 투수인데 벤클을 더 잘함희도
2026-02-24 09:28:35,Munpia,96물리천재가 세계 법칙을 재창조함김텅장현대판타지6496
2026-02-24 09:28:35,Munpia,판타지백과
2026-02-24 09:28:35,Munpia,"현대판타지, 판타지나 염력 생김인간방패"
2026-02-24 09:28:35,Munpia,"56초월급 헌터인 줄 모르고 방출 당함차용판타지, 현대판타지191,038"
2026-02-24 09:28:35,Munpia,"23귀환자가 요리로 돈을 쓸어담음짬킹현대판타지232,291"
2026-02-24 09:28:35,Munpia,"37스포츠, 현대판타지방출 투수에게 상태창이 생김치규치규"
2026-02-24 09:28:35,Munpia,문피아 작가 가이드
2026-02-24 09:28:35,Munpia,"100백 투 더 1985마인네스현대판타지, 퓨전11470"
2026-02-24 09:28:35,Munpia,무료 베스트
2026-02-24 09:28:35,Munpia,"107신화급 창고를 가지고 귀환했다느린생각현대판타지, 판타지24416"
2026-02-24 09:28:35,Munpia,"110백작가의 서자는 재앙급 드루이드그림자꾼판타지, 퓨전23402"
2026-02-24 09:28:35,Munpia,골드게이지
2026-02-24 09:28:35,Munpia,"30무한 각성 헌터가 되었다곰대리현대판타지, 퓨전191,848"
2026-02-24 09:28:35,Munpia,197현대판타지깨어나니 밀린 저작권료가 쏟아졌다.열뚜시
2026-02-24 09:28:35,Munpia,"162천하제일 막내제자재미핥기무협, 판타지10221"
2026-02-24 09:28:35,Munpia,"164생성형 AI가 뇌에 들어왔다연함™현대판타지, 판타지19217"
2026-02-24 09:28:35,Munpia,"81망한 아이돌이 작곡을 너무 잘함건웅이현대판타지, 판타지19678"
2026-02-24 09:28:35,Munpia,"12판타지, 퓨전판초우의의 마법사하드폭발"
2026-02-24 09:28:35,Munpia,"180무협, 퓨전무림괴물이 진짜 안 죽음미립"
2026-02-24 09:28:35,Munpia,"142현대판타지, 판타지재앙급 무당이 미국에서 너무 강함기시감이"
2026-02-24 09:28:35,Munpia,이용약관
2026-02-24 09:28:35,Munpia,"22위현대판타지건물주라 대충 회사 다니려는데, 톱스타들이 미쳐날뜀오두리리시간18조회11,345"
2026-02-24 09:28:35,Munpia,제1회 (2015년)
2026-02-24 09:28:35,Munpia,"44EX급 뱀파이어로 각성했더니 파밍이 미쳤다디월스현대판타지, 판타지21,378"
2026-02-24 09:28:35,Munpia,"159천재 검사가 미친 변호사 됨팥빵맨현대판타지, 판타지7233"
2026-02-24 09:28:35,Munpia,9현대판타지반도체 대기업이 죽고 못사는 엔지니어가 되었다돌의미
2026-02-24 09:28:35,Munpia,완결 베스트
2026-02-24 09:28:35,Munpia,"131전능의 몸을 얻어버렸다.폭오내현대판타지, 스포츠20323"
2026-02-24 09:28:35,Munpia,"103스포츠, 현대판타지메이저리그의 전설의 되겠다한유림"
2026-02-24 09:28:35,Munpia,"150스포츠, 퓨전내가 왜 150억을 받는지 모르겠다.사키만자루"
2026-02-24 09:28:35,Munpia,무료 웹소설
2026-02-24 09:28:35,Munpia,"160판타지, 현대판타지애완식물이 던전을 경작함공여"
2026-02-24 09:28:35,Munpia,23현대판타지귀환자가 요리로 돈을 쓸어담음짬킹
2026-02-24 09:28:35,Munpia,"179대체역사, 판타지고려말기 주원장의 원한을 얻고 재물로 만주를 사버렸다우주사랑"
2026-02-24 09:28:35,Munpia,132현대판타지전능의 몸으로 회귀하다오천광
2026-02-24 09:28:35,Munpia,"11나 혼자 스켈레톤 1000마리로 탑 등반돔황차현대판타지, 퓨전114,615"
2026-02-24 09:28:35,Munpia,"95화산파 천재는 게이트에서 레벨업한다호끼무협, 현대판타지4500"
2026-02-24 09:28:35,Munpia,"104깡촌 천재 화가가 과거를 숨김애플비니거현대판타지, 판타지24426"
2026-02-24 09:28:35,Munpia,"124마왕 삼촌이 돌아왔다반짝일현대판타지, 퓨전10345"
2026-02-24 09:28:35,Munpia,맨 위로
2026-02-24 09:28:35,Munpia,"138장악 1997.통조림9호대체역사, 현대판타지20299"
2026-02-24 09:28:35,Munpia,열혈 베스트
2026-02-24 09:28:35,Munpia,118[삼국지]: 유비군의 왕좌지재나뭇잎1대체역사24371
2026-02-24 09:28:35,Munpia,"175현대판타지, 퓨전능력 복사로 아포칼립스 최강가죽갑옷"
2026-02-24 09:28:35,Munpia,101아프리카를 통째로 먹었다운비양대체역사24454
2026-02-24 09:28:35,Munpia,165의생이 뭔가를 숨김탄마무협23210
2026-02-24 09:28:35,Munpia,"59현대판타지, 판타지만렙 무당의 신빨이 폭발함마틴이네"
2026-02-24 09:28:35,Munpia,"66재해급 쉬었음 청년양승훈현대판타지, 판타지21891"
2026-02-24 09:28:35,Munpia,"87현대판타지, 퓨전재앙급 귀환자가 힘을 안 숨김글택"
2026-02-24 09:28:35,Munpia,"161이거 럽코 빙의물인가요두유하이볼현대판타지, 라이트노벨7224"
2026-02-24 09:28:35,Munpia,"5미국에서 작곡했더니 저작권료가 쏟아짐허율(許聿)현대판타지, 판타지217,413"
2026-02-24 09:28:35,Munpia,"169방출된 원클럽맨은 착각을 유도하지 못했다난길.스포츠, 현대판타지1203"
2026-02-24 09:28:35,Munpia,"172스포츠, 현대판타지방출당했더니 메이저리그를 찢음시크릿K"
2026-02-24 09:28:35,Munpia,"146볼트액션 천재 저격수로 각성했다검은소드현대판타지, 판타지2281"
2026-02-24 09:28:35,Munpia,"16쉽다, 쓰레기 산에서 비트코인 십만 개 수집합니다드렁컨66현대판타지112,976"
2026-02-24 09:28:35,Munpia,"193대지를 울리는 토속성 수선자가 되었다.콴스무협, 퓨전1139"
2026-02-24 09:28:35,Munpia,"198ROTC군주, 제국 창업기JK임선달대체역사22125"
2026-02-24 09:28:35,Munpia,지상최대 (2022년)
2026-02-24 09:28:35,Munpia,투데이 베스트(선독점)
2026-02-24 09:28:35,Munpia,제3회 (2017년)
2026-02-24 09:28:35,Munpia,111대뜸 잘생겨졌더니 세상이 너무 쉽다힐링이좋다현대판타지22400
2026-02-24 09:28:35,Munpia,"98현대판타지, 대체역사미국 통조림 왕이 되었다살틀글쟁이"
2026-02-24 09:28:35,Munpia,"6내 코인 2,000,000％ 폭등, 이혼부터 합니다!카이남현대판타지, 퓨전225,619"
2026-02-24 09:28:35,Munpia,18현대판타지사교육의 신이 되었다손병장
2026-02-24 09:28:35,Munpia,"102강남 건물주인데 취직합니다에바트리체현대판타지, 퓨전19447"
2026-02-24 09:28:35,Munpia,116B급 헌터로 살아남기컵라면.현대판타지1378
2026-02-24 09:28:35,Munpia,마케팅제휴
2026-02-24 09:28:35,Munpia,"62현대판타지, 대체역사회귀한 부장님의 취미는 유가 숏 치기비연(非然)"
2026-02-24 09:28:35,Munpia,"146현대판타지, 판타지볼트액션 천재 저격수로 각성했다검은소드"
2026-02-24 09:28:35,Munpia,선독점작
2026-02-24 09:28:35,Munpia,"6417세기 스페인에서 귀농합니다.핀치의예감대체역사, 라이트노벨11934"
2026-02-24 09:28:35,Munpia,"128현대판타지, 판타지10성급 힐러가 귀환했다로켓배송"
2026-02-24 09:28:35,Munpia,"194회귀한 코인 재벌, 이혼부터 합니다덕죽현대판타지, 대체역사12139"
2026-02-24 09:28:35,Munpia,"26대기업이 내 쓰레기에 줄을 선다.피엠피1현대판타지, 퓨전72,071"
2026-02-24 09:28:35,Munpia,"92현대판타지, 판타지신이 찍어준 주식으로 돈이 미치게 쌓임큭큭큭"
2026-02-24 09:28:35,Munpia,152딸만 키웠는데 구속이 160km에 RPM이 3000B군스포츠21261
2026-02-24 09:28:35,Munpia,"14하남자가 괴력을 각성함소탐자현대판타지, 판타지183,425"
2026-02-24 09:28:35,Munpia,"20포방부 소환사칼튼90판타지, 퓨전192,766"
2026-02-24 09:28:35,Munpia,"대체역사, 퓨전환생했더니 단종의 보모나인윤인수"
2026-02-24 09:28:35,Munpia,문향지연
2026-02-24 09:28:35,Munpia,85무협선협에서 영초의 상태창이 보임진망둥
2026-02-24 09:28:35,Munpia,"37방출 투수에게 상태창이 생김치규치규스포츠, 현대판타지61,540"
2026-02-24 09:28:35,Munpia,"129아포칼립스 회귀 재벌의 강철 쉘터건쇼현대판타지, 판타지22337"
2026-02-24 09:28:35,Munpia,주간 베스트
2026-02-24 09:28:35,Munpia,무협백과
2026-02-24 09:28:35,Munpia,"72현대판타지, 판타지우리 아빠는 재해 테이머리슝"
2026-02-24 09:28:35,Munpia,135현대판타지자동차 부속상가에서 대기업을 꿀꺽하다.앤볼
2026-02-24 09:28:35,Munpia,"48판타지, 무협판타지에서 나 혼자 선협식 수련불로수선전"
2026-02-24 09:28:35,Munpia,"84검은머리 미국 대지주daybreak95대체역사, 현대판타지24632"
2026-02-24 09:28:35,Munpia,"127대체역사, 전쟁·밀리터리미군 잠수함 함장이 한국을 독립시킴암여파더"
2026-02-24 09:28:35,Munpia,1:1문의
2026-02-24 09:28:35,Munpia,82현대판타지은퇴한 괴물 변호사 시골카페에서 참교육을 볶습니다장무무
2026-02-24 09:28:35,Munpia,196버려진 재벌가 막내가 천재성을 숨기지 않음일리온현대판타지7135
2026-02-24 09:28:35,Munpia,인기급상승
2026-02-24 09:28:35,Munpia,"70현대판타지, 퓨전주식 천재인 거 나만 모름탈주병"
2026-02-24 09:28:35,Munpia,"10재벌 후계자는 망하고 싶어곽탁타현대판타지44,642"
2026-02-24 09:28:35,Munpia,"188총알을 만들었더니 미국이 나를 찾아옴임완현대판타지, 판타지9158"
2026-02-24 09:28:35,Munpia,"123지옥의 SSS급 각성자는 악인을 섬멸한다에쮸드현대판타지, 판타지20352"
2026-02-24 09:28:35,Munpia,"159현대판타지, 판타지천재 검사가 미친 변호사 됨팥빵맨"
2026-02-24 09:28:35,Munpia,신규 베스트
2026-02-24 09:28:35,Munpia,"60현대판타지, 퓨전100조 엔진 훔쳤더니 거물들이 내 앞에서 차렷 자세밑져야본전"
2026-02-24 09:28:35,Naver,죽지 말아 줘!
2026-02-24 09:28:35,Naver,향기로운 계약관계
2026-02-24 09:28:35,Naver,이과장 생존기
2026-02-24 09:28:35,Naver,만남어플 중독
2026-02-24 09:28:35,Naver,신체
2026-02-24 09:28:35,Naver,참교육
2026-02-24 09:28:35,Naver,환생천마
2026-02-24 09:28:35,Naver,샤MONEY즘
2026-02-24 09:28:35,Naver,절대검감
2026-02-24 09:28:35,Naver,시한부 천재가 살아남는 법
2026-02-24 09:28:35,Naver,백수세끼
2026-02-24 09:28:35,Naver,똑 닮은 딸
2026-02-24 09:28:35,Naver,마음의소리(였던 것)
2026-02-24 09:28:35,Naver,먹는 인생2
2026-02-24 09:28:35,Naver,이직로그
2026-02-24 09:28:35,Naver,죽여주는 변호사
2026-02-24 09:28:35,Naver,회귀한 공작가의 막내도련님은 암살자
2026-02-24 09:28:35,Naver,파브르 in 사천당가
2026-02-24 09:28:35,Naver,귀촌리
2026-02-24 09:28:35,Naver,아포칼립스에 집을 숨김
2026-02-24 09:28:35,Naver,이혼자녀
2026-02-24 09:28:35,Naver,신화급 귀속 아이템을 손에 넣었다
2026-02-24 09:28:35,Naver,시리도록 불꽃처럼
2026-02-24 09:28:35,Naver,다정한 침입자
2026-02-24 09:28:35,Naver,천재 타자가 강속구를 숨김
2026-02-24 09:28:35,Naver,잔불의 기사
2026-02-24 09:28:35,Naver,검 먹는 소드마스터
2026-02-24 09:28:35,Naver,연애리뷰
2026-02-24 09:28:35,Naver,몬스터와 힐링하는 S급 헌터
2026-02-24 09:28:35,Naver,장편단편선
2026-02-24 09:28:35,Naver,우주천마 3077
2026-02-24 09:28:35,Naver,"정신 차려, 전승연"
2026-02-24 09:28:35,Naver,좀비묵시록 82-08
2026-02-24 09:28:35,Naver,대공비가 체질입니다
2026-02-24 09:28:35,Naver,1초에 100만원
2026-02-24 09:28:35,Naver,악당 가족이 독립을 반대한다
2026-02-24 09:28:35,Naver,세상도 구해본 놈이 잘 구한다
2026-02-24 09:28:35,Naver,히어로메이커
2026-02-24 09:28:35,Naver,포도가 익기 전에
2026-02-24 09:28:35,Naver,최악의 세대
2026-02-24 09:28:35,Naver,빌런의 순정
2026-02-24 09:28:35,Naver,십이지소녀
2026-02-24 09:28:35,Naver,피폐물을 힐링물로 만드는 방법
2026-02-24 09:28:35,Naver,데빌 캐피탈
2026-02-24 09:28:35,Naver,더블클릭
2026-02-24 09:28:35,Naver,구야는 신입
2026-02-24 09:28:35,Naver,개같이 탈출
2026-02-24 09:28:35,Naver,경경수의 개발만화
2026-02-24 09:28:35,Naver,기생번식
2026-02-24 09:28:35,Naver,언스탯
2026-02-24 09:28:35,Naver,아가씨는 못말려
2026-02-24 09:28:35,Naver,누가 죄인인가
2026-02-24 09:28:35,Naver,미친 재능의 플레이어
2026-02-24 09:28:35,Naver,첩보원 악어새
2026-02-24 09:28:35,Naver,삽가능
2026-02-24 09:28:35,Naver,리턴 투 플레이어
2026-02-24 09:28:35,Naver,모솔대첩
2026-02-24 09:28:35,Naver,나의 다정에게
2026-02-24 09:28:35,Naver,해피 페이스
2026-02-24 09:28:35,Naver,돌아온 여름에게
2026-02-24 09:28:35,Naver,K학원 생존기
2026-02-24 09:28:35,Naver,남4친
2026-02-24 09:28:35,Naver,나의 연애 참견자
2026-02-24 09:28:35,Naver,제국 최고의 악녀를 사랑하게 되었습니다
2026-02-24 09:28:35,Naver,빌
2026-02-24 09:28:35,Naver,NPC를 죽였다
2026-02-24 09:28:35,Naver,소소한 기행
2026-02-24 09:28:35,Naver,딸들
2026-02-24 09:28:35,Naver,공녀님의 꽃밭에는 그들이 산다
2026-02-24 09:28:35,Naver,다육이는 잘 자란다
2026-02-24 09:28:35,Naver,오늘은 뭐하고 놀까?
2026-02-24 09:28:35,Naver,회귀했는데 세상이 안 망함
2026-02-24 09:28:35,Naver,함부로 친절하지 말라
2026-02-24 09:28:35,Naver,최강고
2026-02-24 09:28:35,Naver,Lv.99 흑염의 프린세스
2026-02-24 09:28:35,Naver,철이 없어서 그래
2026-02-24 09:28:35,Naver,양심과외
2026-02-24 09:28:35,Naver,어떻게 용사 이름이 아아아아
2026-02-24 09:28:35,Naver,"세계 서열 0위님, 제발 그만해 주세요"
2026-02-24 09:28:35,Naver,불완전한 이혼의 결말
2026-02-24 09:28:35,Naver,채널명 : 구찬지아
2026-02-24 09:28:35,Naver,지유지요
2026-02-24 09:28:35,Naver,ZD
2026-02-24 09:28:35,Naver,부두슬램
2026-02-24 09:28:35,Naver,너의 완두콩을 먹고 싶어!
2026-02-24 09:28:35,Naver,네 앞에서만 부끄러운 나는
2026-02-24 09:28:35,Naver,달로 만든 아이
2026-02-24 09:28:35,Naver,코너트 성 집사로 살아남기
2026-02-24 09:28:35,Naver,와일드 랭커
2026-02-24 09:28:35,Naver,솔로스쿨
2026-02-24 09:28:35,Naver,한국에서 히어로 하기 힘들더라
2026-02-24 09:28:35,Naver,마왕의 빛나는 별
2026-02-24 09:28:35,Naver,아직 제목 없음
2026-02-24 09:28:35,Naver,비터사이드 크렌베리스
2026-02-24 09:28:35,Naver,프로젝트 마르스
2026-02-24 09:28:35,Naver,날 먹는 건 금지양!
2026-02-24 09:28:35,Naver,닥터아미
2026-02-24 09:28:35,Naver,티엔다비스 - 완벽한 구원을 위하여
2026-02-24 09:28:35,Naver,청소하러 왔어요
2026-02-24 09:28:35,Naver,머저리 M수생
2026-02-24 09:28:35,Naver,여고생이 신인데 나만 괴롭힘
2026-02-24 09:28:35,Naver,어쌔신 크리드 - 잊혀진 사원
2026-02-24 09:28:35,Naver,신당귀
2026-02-24 09:28:35,Naver,웅녀님이 보우하사
2026-02-24 09:28:35,Naver,찔레꽃 그늘 아래
2026-02-24 09:28:35,Naver,컨트롤X
2026-02-24 09:28:35,Naver,좋아하면 닮는댔어
2026-02-24 09:28:35,Naver,사이다걸
2026-02-24 09:28:35,Naver,슬로우 다이브
2026-02-24 09:28:35,Naver,연애복붙
2026-02-24 09:28:35,Naver,두번째 신의아이
2026-02-24 09:28:35,Naver,괴력 난신
2026-02-24 09:28:35,Naver,절대회귀
2026-02-24 09:28:35,Naver,오! 나의 교주님
2026-02-24 09:28:35,Naver,김부장
2026-02-24 09:28:35,Naver,예쁨 컬렉션
2026-02-24 09:28:35,Naver,신입사원 김철수
2026-02-24 09:28:35,Naver,벙커의 낮
2026-02-24 09:28:35,Naver,마음의소리(였던 것)
2026-02-24 09:28:35,Naver,회귀한 용병은 다 계획이 있다
2026-02-24 09:28:35,Naver,이섭의 연애
2026-02-24 09:28:35,Naver,불꽃
2026-02-24 09:28:35,Naver,우렉 마지노
2026-02-24 09:28:35,Naver,못 잡아먹어서 안달
2026-02-24 09:28:35,Naver,사신소년
2026-02-24 09:28:35,Naver,분신
2026-02-24 09:28:35,Naver,멸망 이후의 세계
2026-02-24 09:28:35,Naver,포그랜드
2026-02-24 09:28:35,Naver,천마는 평범하게 살 수 없다
2026-02-24 09:28:35,Naver,아카데미 플레이어를 죽였다
2026-02-24 09:28:35,Naver,천씨세가의 망나니가 되었다
2026-02-24 09:28:35,Naver,나쁜남자가 돼라!
2026-02-24 09:28:35,Naver,백작가의 비밀스런 시녀님
2026-02-24 09:28:35,Naver,성검전설
2026-02-24 09:28:35,Naver,전리품 공작부인
2026-02-24 09:28:35,Naver,사채지간
2026-02-24 09:28:35,Naver,아포칼립스에 물류센터를 숨김
2026-02-24 09:28:35,Naver,레벨999 고블린
2026-02-24 09:28:35,Naver,신과함께 돌아온 기사왕님
2026-02-24 09:28:35,Naver,청춘 러브썸
2026-02-24 09:28:35,Naver,오늘도 퇴근
2026-02-24 09:28:35,Naver,축살
2026-02-24 09:28:35,Naver,원수의 아기를 가졌다
2026-02-24 09:28:35,Naver,내 남편의 정부에게
2026-02-24 09:28:35,Naver,염라강림
2026-02-24 09:28:35,Naver,약 파는 황태자
2026-02-24 09:28:35,Naver,블러드레인 3
2026-02-24 09:28:35,Naver,구룡:사로카
2026-02-24 09:28:35,Naver,원주민 공포만화
2026-02-24 09:28:35,Naver,사변괴담
2026-02-24 09:28:35,Naver,사표내고 이계에서 힐링합니다
2026-02-24 09:28:35,Naver,귀공자
2026-02-24 09:28:35,Naver,불 빌려드릴까요?
2026-02-24 09:28:35,Naver,개집사
2026-02-24 09:28:35,Naver,마교 교주의 부군이 되었다
2026-02-24 09:28:35,Naver,윌유메리미
2026-02-24 09:28:35,Naver,처음도 아닌데
2026-02-24 09:28:35,Naver,살찐청부업자
2026-02-24 09:28:35,Naver,나만 보는 탑 공략집
2026-02-24 09:28:35,Naver,풍요의 여신과 천재 망나니 사도님
2026-02-24 09:28:35,Naver,가공낙원
2026-02-24 09:28:35,Naver,사지선다
2026-02-24 09:28:35,Naver,환생했더니 단종의 보모나인
2026-02-24 09:28:35,Naver,저 그런 인재 아닙니다
2026-02-24 09:28:35,Naver,연우의 순정
2026-02-24 09:28:35,Naver,한계 찢는 천재마법사
2026-02-24 09:28:35,Naver,너는 이대로 닿은 적도 없이
2026-02-24 09:28:35,Naver,야만의 청혼
2026-02-24 09:28:35,Naver,착한 여자 안선해
2026-02-24 09:28:35,Naver,은주의 방 2~3부
2026-02-24 09:28:35,Naver,고고밍밍고
2026-02-24 09:28:35,Naver,브레이커즈
2026-02-24 09:28:35,Naver,한계돌파
2026-02-24 09:28:35,Naver,빌런투킬
2026-02-24 09:28:35,Naver,비밀의 정원
2026-02-24 09:28:35,Naver,포 더 퀸덤
2026-02-24 09:28:35,Naver,사리네 보석함
2026-02-24 09:28:35,Naver,죽어 천국에 가다
2026-02-24 09:28:35,Naver,클래스메이트
2026-02-24 09:28:35,Naver,대공님의 신부는 지옥의 전사
2026-02-24 09:28:35,Naver,에이머
2026-02-24 09:28:35,Naver,방랑기사로 살아가는 법
2026-02-24 09:28:35,Naver,스마일 복서
2026-02-24 09:28:35,Naver,아랫집 윗집 사이에
2026-02-24 09:28:35,Naver,아름다운 줄리엣을 위하여
2026-02-24 09:28:35,Naver,엄마를 만나러 가는 길
2026-02-24 09:28:35,Naver,빛나는 나나나나
2026-02-24 09:28:35,Naver,불순물 연애
2026-02-24 09:28:35,Naver,남자일짱 김지안
2026-02-24 09:28:35,Naver,없는 사람
2026-02-24 09:28:35,Naver,그냥 선생님
2026-02-24 09:28:35,Naver,대졸백수 400만 시대의 하여자들
2026-02-24 09:28:35,Naver,재난은 늘 곁에 있다
2026-02-24 09:28:35,Naver,욕망을 가르쳐주세요
2026-02-24 09:28:35,Naver,내남친 킹카만들기
2026-02-24 09:28:35,Naver,터닝포인트
2026-02-24 09:28:35,Naver,디펜스 브레이커
2026-02-24 09:28:35,Naver,콩에서 새싹이!
2026-02-24 09:28:35,Naver,무원야담
2026-02-24 09:28:35,Naver,미생물
2026-02-24 09:28:35,Naver,아카데미가 망했다
2026-02-24 09:28:35,Naver,완벽한 실눈 악역을 연기하다
2026-02-24 09:28:35,Naver,뜻밖의 청혼
2026-02-24 09:28:35,Naver,스포일러
2026-02-24 09:28:35,Naver,렌탈히어로
2026-02-24 09:28:35,Naver,존X킬러
2026-02-24 09:28:35,Naver,좀비떼로
2026-02-24 09:28:35,Naver,연애 못하면 사망
2026-02-24 09:28:35,Naver,눈 감은 하늘의 기사
2026-02-24 09:28:35,Naver,가짜 성녀를 지켜라!
2026-02-24 09:28:35,Naver,사람의 탈
2026-02-24 09:28:35,Naver,아폴론 저축은행
2026-02-24 09:28:35,Naver,던전공략은 복붙이지
2026-02-24 09:28:35,Naver,설레는 소리
2026-02-24 09:28:35,Naver,킬링 스프리
2026-02-24 09:28:35,Naver,멀리서 온 에일리
2026-02-24 09:28:35,Naver,비기닝즈
2026-02-24 09:28:35,Naver,시한부 황후의 나쁜 짓
2026-02-24 09:28:35,Naver,문어숙희숙회
2026-02-24 09:28:35,Naver,썸머문: 더 큐프리즈
2026-02-24 09:28:35,Naver,양치기 마법사
2026-02-24 09:28:35,Naver,육아부터 하는 연애
2026-02-24 09:28:35,Naver,전지적 독자 시점
2026-02-24 09:28:35,Naver,종말이 찾아왔다
2026-02-24 09:28:35,Naver,무직백수 계백순
2026-02-24 09:28:35,Naver,별을 품은 소드마스터
2026-02-24 09:28:35,Naver,"울어 봐, 빌어도 좋고"
2026-02-24 09:28:35,Naver,운명을 보는 회사원
2026-02-24 09:28:35,Naver,썰:관계주의
2026-02-24 09:28:35,Naver,마음의소리(였던 것)
2026-02-24 09:28:35,Naver,캐슬2:만인지상
2026-02-24 09:28:35,Naver,사천당가의 검신급 소가주가 되었다
2026-02-24 09:28:35,Naver,일렉시드
2026-02-24 09:28:35,Naver,천마는 조용히 살고싶다
2026-02-24 09:28:35,Naver,66666년 만에 환생한 흑마법사
2026-02-24 09:28:35,Naver,쪽팔려게임
2026-02-24 09:28:35,Naver,유쾌한 신
2026-02-24 09:28:35,Naver,1등급 싸움과외
2026-02-24 09:28:35,Naver,백XX
2026-02-24 09:28:35,Naver,표절의혹
2026-02-24 09:28:35,Naver,싸이코패스 in 무림
2026-02-24 09:28:35,Naver,미래의 골동품 가게
2026-02-24 09:28:35,Naver,무림서부
2026-02-24 09:28:35,Naver,왕따가 격투기를 너무 잘함
2026-02-24 09:28:35,Naver,방구석 재민이
2026-02-24 09:28:35,Naver,어느 마법사의 식당
2026-02-24 09:28:35,Naver,중간에서 만나
2026-02-24 09:28:35,Naver,나쁜사람
2026-02-24 09:28:35,Naver,중대장은 실망했다
2026-02-24 09:28:35,Naver,탐:공포단편
2026-02-24 09:28:35,Naver,밥먹고가라
2026-02-24 09:28:35,Naver,명품관의 진상
2026-02-24 09:28:35,Naver,당신의 가격을 알려드립니다
2026-02-24 09:28:35,Naver,끝장
2026-02-24 09:28:35,Naver,미연
2026-02-24 09:28:35,Naver,첩자의 마교생활
2026-02-24 09:28:35,Naver,당골
2026-02-24 09:28:35,Naver,마교전선 비룡십삼대
2026-02-24 09:28:35,Naver,품위증명
2026-02-24 09:28:35,Naver,"양아치, 순애합니다"
2026-02-24 09:28:35,Naver,해골전령 이야기
2026-02-24 09:28:35,Naver,결혼은 당신 형과
2026-02-24 09:28:35,Naver,두 번 빼앗긴 남편
2026-02-24 09:28:35,Naver,내 분신이 거물이 되어간다
2026-02-24 09:28:35,Naver,파국연애
2026-02-24 09:28:35,Naver,로열패밀리
2026-02-24 09:28:35,Naver,검은머리 기사왕
2026-02-24 09:28:35,Naver,칼부림
2026-02-24 09:28:35,Naver,두 번 사는 프로듀서
2026-02-24 09:28:35,Naver,게임에서 남자를 만나지 마세요
2026-02-24 09:28:35,Naver,빌드업
2026-02-24 09:28:35,Naver,귀여WAR
2026-02-24 09:28:35,Naver,미아가 돌아왔다
2026-02-24 09:28:35,Naver,뽀대작렬
2026-02-24 09:28:35,Naver,마님이네 미국 시골집 이야기
2026-02-24 09:28:35,Naver,호호와 거난이 무삭제판
2026-02-24 09:28:35,Naver,아가씨는 못말려
2026-02-24 09:28:35,Naver,달마건
2026-02-24 09:28:35,Naver,"시바, 만만치 않다"
2026-02-24 09:28:35,Naver,낫오버
2026-02-24 09:28:35,Naver,냥냥찍찍!
2026-02-24 09:28:35,Naver,신수 유치원
2026-02-24 09:28:35,Naver,남제
2026-02-24 09:28:35,Naver,언덕 위의 제임스
2026-02-24 09:28:35,Naver,함부로 길들이지 마시오!
2026-02-24 09:28:35,Naver,계약 결혼 종료
2026-02-24 09:28:35,Naver,네 이웃을 사랑하라
2026-02-24 09:28:35,Naver,별과 사슬이 뜨는 섬
2026-02-24 09:28:35,Naver,전력고백
2026-02-24 09:28:35,Naver,나의 짭사랑
2026-02-24 09:28:35,Naver,발할라 사가
2026-02-24 09:28:35,Naver,신입은 낮져밤이
2026-02-24 09:28:35,Naver,완전무결한 공작님께
2026-02-24 09:28:35,Naver,오늘은 뭐하고 놀까?
2026-02-24 09:28:35,Naver,홀아비
2026-02-24 09:28:35,Naver,여명의 등불
2026-02-24 09:28:35,Naver,레모네이드
2026-02-24 09:28:35,Naver,마침표의 유예기간
2026-02-24 09:28:35,Naver,망겜으로 기사회생
2026-02-24 09:28:35,Naver,말숙이를 부탁해
2026-02-24 09:28:35,Naver,향기로운 계약관계
2026-02-24 09:28:35,Naver,마누의 딸들
2026-02-24 09:28:35,Naver,"49번 남았습니다, 스승님!"
2026-02-24 09:28:35,Naver,그랜드 피날레
2026-02-24 09:28:35,Naver,나태한 마왕은 신과 싸우기로 결심한다.
2026-02-24 09:28:35,Naver,아리엘 그리기
2026-02-24 09:28:35,Naver,3인분
2026-02-24 09:28:35,Naver,우리애 대한
2026-02-24 09:28:35,Naver,생존버스
2026-02-24 09:28:35,Naver,양아치와 조폭아가씨
2026-02-24 09:28:35,Naver,이세계 청부사
2026-02-24 09:28:35,Naver,멸종위기종인간
2026-02-24 09:28:35,Naver,뱀파이어의 연금술
2026-02-24 09:28:35,Naver,털썩...너에게 반해버렸달까?
2026-02-24 09:28:35,Naver,어시스턴트
2026-02-24 09:28:35,Naver,줄리에게
2026-02-24 09:28:35,Naver,연기깡패
2026-02-24 09:28:35,Naver,낙화의별
2026-02-24 09:28:35,Naver,데드포인트
2026-02-24 09:28:35,Naver,4년 6개월을 잃은 여자
2026-02-24 09:28:35,Naver,레베카의 기도
2026-02-24 09:28:35,Naver,수인 보호소에서 남주를 입양해 버렸다
2026-02-24 09:28:35,Naver,판박귀
2026-02-24 09:28:35,Naver,유사품에 주의하세요
2026-02-24 09:28:35,Naver,S급 공무수행에 협조 부탁드립니다
2026-02-24 09:28:35,Naver,저주인형 김명자
2026-02-24 09:28:35,Naver,1등을 위해
2026-02-24 09:28:35,Naver,포비든 플레저
2026-02-24 09:28:35,Naver,만남어플 중독
2026-02-24 09:28:35,Naver,나노마신
2026-02-24 09:28:35,Naver,마흔 즈음에
2026-02-24 09:28:35,Naver,육아일기
2026-02-24 09:28:35,Naver,소꿉친구 컴플렉스
2026-02-24 09:28:35,Naver,재벌집 막내아들
2026-02-24 09:28:35,Naver,별 거 아니겠지
2026-02-24 09:28:35,Naver,무사만리행
2026-02-24 09:28:35,Naver,천마육성
2026-02-24 09:28:35,Naver,"풍작이에요, 마왕님!"
2026-02-24 09:28:35,Naver,게임 속 바바리안으로 살아남기
2026-02-24 09:28:35,Naver,마음의소리(였던 것)
2026-02-24 09:28:35,Naver,먹는 인생2
2026-02-24 09:28:35,Naver,"송이연 50살, 이혼 한 달 차"
2026-02-24 09:28:35,Naver,작두
2026-02-24 09:28:35,Naver,이세계 캠핑으로 힐링 라이프
2026-02-24 09:28:35,Naver,오늘의 한요일은 여자다
2026-02-24 09:28:35,Naver,나 혼자 네크로맨서
2026-02-24 09:28:35,Naver,구세라
2026-02-24 09:28:35,Naver,사내연애 사절!
2026-02-24 09:28:35,Naver,현실퀘스트
2026-02-24 09:28:35,Naver,정글쥬스
2026-02-24 09:28:35,Naver,내향남녀
2026-02-24 09:28:35,Naver,도나츠와 서커스
2026-02-24 09:28:35,Naver,국정원 말단직원
2026-02-24 09:28:35,Naver,회귀한 천재 헌터의 슬기로운 청소생활
2026-02-24 09:28:35,Naver,백투더찬비
2026-02-24 09:28:35,Naver,삼이는 재생한다
2026-02-24 09:28:35,Naver,당신의 살인을 위하여
2026-02-24 09:28:35,Naver,종말에서 살아남기
2026-02-24 09:28:35,Naver,대마법사 커리큘럼
2026-02-24 09:28:35,Naver,쿠베라
2026-02-24 09:28:35,Naver,시한부 천재 암흑기사
2026-02-24 09:28:35,Naver,최강전설 강해효
2026-02-24 09:28:35,Naver,사시미 한 자루로 아카데미를 씹어먹음
2026-02-24 09:28:35,Naver,별정직 공무원
2026-02-24 09:28:35,Naver,쓰레기의 법칙
2026-02-24 09:28:35,Naver,검은 머리 영국 의사
2026-02-24 09:28:35,Naver,죽여주는 옆집 남자
2026-02-24 09:28:35,Naver,게임 최강 트롤러
2026-02-24 09:28:35,Naver,안녕 오목눈이 그리핀!
2026-02-24 09:28:35,Naver,김오진과 이상한 동물들
2026-02-24 09:28:35,Naver,배드 본 블러드
2026-02-24 09:28:35,Naver,언더복서
2026-02-24 09:28:35,Naver,전직용병의 검사생활
2026-02-24 09:28:35,Naver,천재 회사원이 선넘으면 생기는일
2026-02-24 09:28:35,Naver,종이호랑이
2026-02-24 09:28:35,Naver,이과장 생존기
2026-02-24 09:28:35,Naver,모두가 그녀를 사랑해
2026-02-24 09:28:35,Naver,저승침공
2026-02-24 09:28:35,Naver,경계선
2026-02-24 09:28:35,Naver,껍데기
2026-02-24 09:28:35,Naver,천만배우의 딸이 되었다
2026-02-24 09:28:35,Naver,최서연의 회피한 날들
2026-02-24 09:28:35,Naver,복학생
2026-02-24 09:28:35,Naver,고고밍밍고
2026-02-24 09:28:35,Naver,마왕까지 한 걸음
2026-02-24 09:28:35,Naver,신의 요리
2026-02-24 09:28:35,Naver,규격 외 혈통 천재
2026-02-24 09:28:35,Naver,용사 카리엘
2026-02-24 09:28:35,Naver,휴먼 웨어러블
2026-02-24 09:28:35,Naver,두 번째 딸로 태어났습니다
2026-02-24 09:28:35,Naver,악귀나찰
2026-02-24 09:28:35,Naver,소심한 호랭이 코코
2026-02-24 09:28:35,Naver,지는 쪽이 영부인
2026-02-24 09:28:35,Naver,특급 계약 결혼의 말로
2026-02-24 09:28:35,Naver,공작가의 남장 하인이 되었다
2026-02-24 09:28:35,Naver,문과X이과
2026-02-24 09:28:35,Naver,독방의 글쓴이
2026-02-24 09:28:35,Naver,판타지 입소대
2026-02-24 09:28:35,Naver,킬더킹
2026-02-24 09:28:35,Naver,소소한 기행
2026-02-24 09:28:35,Naver,살아야 죽는 남자
2026-02-24 09:28:35,Naver,본능적인 청혼
2026-02-24 09:28:35,Naver,컬러리스트
2026-02-24 09:28:35,Naver,이세계 싱글대디
2026-02-24 09:28:35,Naver,김 대리는 아이돌이 싫어
2026-02-24 09:28:35,Naver,엄청 소환된 건에 대하여
2026-02-24 09:28:35,Naver,정의구현
2026-02-24 09:28:35,Naver,봉구리 로큰롤
2026-02-24 09:28:35,Naver,수사중 연애금지!
2026-02-24 09:28:35,Naver,짐승같은 것들
2026-02-24 09:28:35,Naver,마리오네타
2026-02-24 09:28:35,Naver,천사개와 악마캣
2026-02-24 09:28:35,Naver,히든클래스 중력자로 최강을 노린다
2026-02-24 09:28:35,Naver,미모사
2026-02-24 09:28:35,Naver,전생혈마
2026-02-24 09:28:35,Naver,수사9단0
2026-02-24 09:28:35,Naver,흑역사가 역주행한다
2026-02-24 09:28:35,Naver,작성자OO
2026-02-24 09:28:35,Naver,학생만 하면 안 될까요?
2026-02-24 09:28:35,Naver,별의별 지X은
2026-02-24 09:28:35,Naver,티라노 노경수
2026-02-24 09:28:35,Naver,염매
2026-02-24 09:28:35,Naver,이상한 나라의 솔
2026-02-24 09:28:35,Naver,어느 날 갑자기 최애가 생겼다
2026-02-24 09:28:35,Naver,추억이 찾아오는 가게
2026-02-24 09:28:35,Naver,풀 보이
2026-02-24 09:28:35,Naver,2차전직 스킵용사
2026-02-24 09:28:35,Naver,내 어디가 좋아?
2026-02-24 09:28:35,Naver,유월의 소한
2026-02-24 09:28:35,Naver,대단한 빈센트
2026-02-24 09:28:35,Naver,누가 어른 되면 다 된댔어?
2026-02-24 09:28:35,Naver,아이캣치유
2026-02-24 09:28:35,Naver,내가 싫어하는 남자친구
2026-02-24 09:28:35,Naver,최강 매니저
2026-02-24 09:28:35,Naver,기프트
2026-02-24 09:28:35,Naver,카루나
2026-02-24 09:28:35,Naver,어느날 교주가 된다면
2026-02-24 09:28:35,Naver,내 여자친구는 이세계 용사?!
2026-02-24 09:28:35,Naver,광마회귀
2026-02-24 09:28:35,Naver,역대급 영지 설계사
2026-02-24 09:28:35,Naver,오! 나의 교주님
2026-02-24 09:28:35,Naver,외모지상주의
2026-02-24 09:28:35,Naver,나 혼자 만렙 뉴비
2026-02-24 09:28:35,Naver,상남자
2026-02-24 09:28:35,Naver,사신
2026-02-24 09:28:35,Naver,나 혼자 탑에서 농사
2026-02-24 09:28:35,Naver,마음의소리(였던 것)
2026-02-24 09:28:35,Naver,그리디
2026-02-24 09:28:35,Naver,네가 사는 그 집
2026-02-24 09:28:35,Naver,천하제일 대사형
2026-02-24 09:28:35,Naver,아카데미에서 살아남기
2026-02-24 09:28:35,Naver,문제적 왕자님
2026-02-24 09:28:35,Naver,두 얼굴
2026-02-24 09:28:35,Naver,1초
2026-02-24 09:28:35,Naver,천중용문
2026-02-24 09:28:35,Naver,신비아파트
2026-02-24 09:28:35,Naver,돈구멍
2026-02-24 09:28:35,Naver,로맨스 저주
2026-02-24 09:28:35,Naver,신마 환생
2026-02-24 09:28:35,Naver,용사파티만화
2026-02-24 09:28:35,Naver,"언니, 이번 생엔 내가 왕비야"
2026-02-24 09:28:35,Naver,히든 특성 13개 들고 시작한다
2026-02-24 09:28:35,Naver,악당들의 후원자가 되었다
2026-02-24 09:28:35,Naver,열렙전사 3부
2026-02-24 09:28:35,Naver,가장 썩은 것을 줄게
2026-02-24 09:28:35,Naver,죽지 않으려면
2026-02-24 09:28:35,Naver,펜홀더
2026-02-24 09:28:35,Naver,박제
2026-02-24 09:28:35,Naver,말년용사
2026-02-24 09:28:35,Naver,히어로 킬러
2026-02-24 09:28:35,Naver,아포칼립스를 걷는 우체부
2026-02-24 09:28:35,Naver,스틸링
2026-02-24 09:28:35,Naver,마왕인데 용사가 너무 많음
2026-02-24 09:28:35,Naver,천재소녀가 무림공적을 숨김
2026-02-24 09:28:35,Naver,신수의 구슬
2026-02-24 09:28:35,Naver,재입대만 7번째
2026-02-24 09:28:35,Naver,시간제 부부
2026-02-24 09:28:35,Naver,개집사
2026-02-24 09:28:35,Naver,첫정
2026-02-24 09:28:35,Naver,고결하고 천박한 그대에게
2026-02-24 09:28:35,Naver,시체들의 전쟁
2026-02-24 09:28:35,Naver,보이스피싱인데 인생역전
2026-02-24 09:28:35,Naver,남편은 한 명으로 족하다
2026-02-24 09:28:35,Naver,그거 사랑 아니야
2026-02-24 09:28:35,Naver,구야는 신입
2026-02-24 09:28:35,Naver,공주님 학교 가신다
2026-02-24 09:28:35,Naver,하는 사이
2026-02-24 09:28:35,Naver,여동생은 오늘 밤 나를 간택한다
2026-02-24 09:28:35,Naver,브레이커즈
2026-02-24 09:28:35,Naver,초등생활 그림일기
2026-02-24 09:28:35,Naver,프라이팬: 툴 마스터
2026-02-24 09:28:35,Naver,앵클 브레이커
2026-02-24 09:28:35,Naver,두근두근 대작전
2026-02-24 09:28:35,Naver,사탄의 순애
2026-02-24 09:28:35,Naver,성북구 비둘기 이헌서
2026-02-24 09:28:35,Naver,죽여주는 캐스팅
2026-02-24 09:28:35,Naver,퇴마록 : 세계편
2026-02-24 09:28:35,Naver,당신이 움켜쥔 밤
2026-02-24 09:28:35,Naver,당신의 완벽한 엔딩을 위하여
2026-02-24 09:28:35,Naver,죽지 말아 줘!
2026-02-24 09:28:35,Naver,블랙 프라이데이
2026-02-24 09:28:35,Naver,그냥 선생님
2026-02-24 09:28:35,Naver,감히 바라옵건대
2026-02-24 09:28:35,Naver,악신소년
2026-02-24 09:28:35,Naver,고구려 태왕미천
2026-02-24 09:28:35,Naver,미운오리새끼
2026-02-24 09:28:35,Naver,킬링 달링 베이비-잉♡
2026-02-24 09:28:35,Naver,인간천적
2026-02-24 09:28:35,Naver,와인파티에서 순애찾기
2026-02-24 09:28:35,Naver,뼈왕
2026-02-24 09:28:35,Naver,못난이 콤플렉스
2026-02-24 09:28:35,Naver,소곤소곤2
2026-02-24 09:28:35,Naver,몽홀
2026-02-24 09:28:35,Naver,세자와 세자빈의 계약혼인전
2026-02-24 09:28:35,Naver,저승파견고용직
2026-02-24 09:28:35,Naver,다이어트 워리어
2026-02-24 09:28:35,Naver,피도 눈물도 없는 용사
2026-02-24 09:28:35,Naver,당신의 사랑
2026-02-24 09:28:35,Naver,북설애담
2026-02-24 09:28:35,Naver,만두 생활기록부
2026-02-24 09:28:35,Naver,수풀사이로
2026-02-24 09:28:35,Naver,"구원, 그 잔혹함에 대하여"
2026-02-24 09:28:35,Naver,"바리, 별을 깨운 천둥"
2026-02-24 09:28:35,Naver,단둘이는 안 돼!
2026-02-24 09:28:35,Naver,이름 사이 공백
2026-02-24 09:28:35,Naver,절세미남 망나니 해골 되다
2026-02-24 09:28:35,Naver,아라드의 빛: 먼저 걷는 자
2026-02-24 09:28:35,Naver,청소요원
2026-02-24 09:28:35,Naver,퇴출행성 세레나데
2026-02-24 09:28:35,Naver,우리집 로미오
2026-02-24 09:28:35,Naver,미드우트
2026-02-24 09:28:35,Naver,훈녀생정
2026-02-24 09:28:35,Naver,신이 내린 탑스타
2026-02-24 09:28:35,Naver,완벽한 게 다인
2026-02-24 09:28:35,Naver,타임머신 만들기
2026-02-24 09:28:35,Naver,백년게임
2026-02-24 09:28:35,Naver,옹달샘 프로젝트
2026-02-24 09:28:35,Naver,나의 모르는 여자친구
2026-02-24 09:28:35,Naver,둘뿐인 교실
2026-02-24 09:28:35,Naver,비터 스윗 홈
2026-02-24 09:28:35,Naver,원타이머
2026-02-24 09:28:35,Naver,합법해적 파르페
2026-02-24 09:28:35,Naver,호랑이형님
2026-02-24 09:28:35,Naver,시든 꽃에 눈물을
2026-02-24 09:28:35,Naver,만취남녀
2026-02-24 09:28:35,Naver,마도전생기
2026-02-24 09:28:35,Naver,절대군림
2026-02-24 09:28:35,Naver,오늘만 사는 기사
2026-02-24 09:28:35,Naver,킬러 배드로
2026-02-24 09:28:35,Naver,초인의 시대
2026-02-24 09:28:35,Naver,데이워커
2026-02-24 09:28:35,Naver,99강화나무몽둥이
2026-02-24 09:28:35,Naver,아홉수 우리들
2026-02-24 09:28:35,Naver,작전명 순정
2026-02-24 09:28:35,Naver,디펜스 게임의 폭군이 되었다
2026-02-24 09:28:35,Naver,망나니 소교주로 환생했다
2026-02-24 09:28:35,Naver,멸망한 가문의 회귀자
2026-02-24 09:28:35,Naver,르르르
2026-02-24 09:28:35,Naver,억만무림
2026-02-24 09:28:35,Naver,용사파티만화
2026-02-24 09:28:35,Naver,귀환했는데 입대 전날이다
2026-02-24 09:28:35,Naver,둘째에게
2026-02-24 09:28:35,Naver,나이트런
2026-02-24 09:28:35,Naver,비질란테 2부
2026-02-24 09:28:35,Naver,철과 얼음의 여정
2026-02-24 09:28:35,Naver,중대장은 실망했다
2026-02-24 09:28:35,Naver,탐:공포단편
2026-02-24 09:28:35,Naver,나를 바꿔줘
2026-02-24 09:28:35,Naver,연애지옥
2026-02-24 09:28:35,Naver,황제의 검
2026-02-24 09:28:35,Naver,지옥도시
2026-02-24 09:28:35,Naver,종말에서 살아남기
2026-02-24 09:28:35,Naver,반에 꼭 있는 애
2026-02-24 09:28:35,Naver,연애 못하면 죽음!
2026-02-24 09:28:35,Naver,플레이어가 과거를 숨김
2026-02-24 09:28:35,Naver,사천패왕
2026-02-24 09:28:35,Naver,스터디그룹
2026-02-24 09:28:35,Naver,모발 구독 서비스
2026-02-24 09:28:35,Naver,왕의 힘으로 회귀한다
2026-02-24 09:28:35,Naver,환생했더니 대공의 셋째 아들
2026-02-24 09:28:35,Naver,오브차카
2026-02-24 09:28:35,Naver,멸망한 세계의 취사병
2026-02-24 09:28:35,Naver,집구석 절대자
2026-02-24 09:28:35,Naver,야매 힐러로 사는 법
2026-02-24 09:28:35,Naver,시한복권
2026-02-24 09:28:35,Naver,윌유메리미
2026-02-24 09:28:35,Naver,내 남자친구는 고양이다옹
2026-02-24 09:28:35,Naver,장기연애
2026-02-24 09:28:35,Naver,꽤애액
2026-02-24 09:28:35,Naver,마님이네 미국 시골집 이야기
2026-02-24 09:28:35,Naver,특성 쌓는 김전사
2026-02-24 09:28:35,Naver,탑아이돌의 막내 멤버가 되었다
2026-02-24 09:28:35,Naver,저궤도인간
2026-02-24 09:28:35,Naver,어글리후드
2026-02-24 09:28:35,Naver,장인의 거리
2026-02-24 09:28:35,Naver,과학고 생존일지
2026-02-24 09:28:35,Naver,냥냥찍찍!
2026-02-24 09:28:35,Naver,문양전
2026-02-24 09:28:35,Naver,나를 미워하던 남편이 기억을 잃었다
2026-02-24 09:28:35,Naver,위탁가족!
2026-02-24 09:28:35,Naver,"다비, 아찔하게 흐르는"
2026-02-24 09:28:35,Naver,K학원 생존기
2026-02-24 09:28:35,Naver,들개전쟁
2026-02-24 09:28:35,Naver,용사 출연 마왕 연출
2026-02-24 09:28:35,Naver,공유몽
2026-02-24 09:28:35,Naver,세상에 나쁜 용사는 없다
2026-02-24 09:28:35,Naver,고고농구
2026-02-24 09:28:35,Naver,설탕에 곁들인 로맨스
2026-02-24 09:28:35,Naver,조은학생
2026-02-24 09:28:35,Naver,마왕의 채널
2026-02-24 09:28:35,Naver,이계진입 리로디드
2026-02-24 09:28:35,Naver,나의 구원이
2026-02-24 09:28:35,Naver,천 살 연하 황제가 집착한다
2026-02-24 09:28:35,Naver,차라리 빌런으로 살겠다
2026-02-24 09:28:35,Naver,당신의 용서를 구합니다
2026-02-24 09:28:35,Naver,오사카 환상선
2026-02-24 09:28:35,Naver,로스트 미디어샵 아코드
2026-02-24 09:28:35,Naver,신이 되겠다
2026-02-24 09:28:35,Naver,토끼 여주의 새엄마가 되었다
2026-02-24 09:28:35,Naver,눈먼 짐승의 목줄을 쥐었다
2026-02-24 09:28:35,Naver,용사참수인
2026-02-24 09:28:35,Naver,은애하는 도적님아
2026-02-24 09:28:35,Naver,마왕 마석호
2026-02-24 09:28:35,Naver,펫로스클럽
2026-02-24 09:28:35,Naver,나만 최강 초월자
2026-02-24 09:28:35,Naver,말없는 전학생
2026-02-24 09:28:35,Naver,우리집에 온 여우들
2026-02-24 09:28:35,Naver,빅 샤이닝
2026-02-24 09:28:35,Naver,짝사랑을 망치고 싶어
2026-02-24 09:28:35,Naver,동경
2026-02-24 09:28:35,Naver,꿈의 엔트리
2026-02-24 09:28:35,Naver,그 냉장고 안에서는
2026-02-24 09:28:35,Naver,복수를 위한 결혼동맹
2026-02-24 09:28:35,Naver,DARK MOON: 두 개의 달
2026-02-24 09:28:35,Naver,사운즈 라이크
2026-02-24 09:28:35,Naver,모두가 날 싫어한다
2026-02-24 09:28:35,Naver,또다시 열일곱
2026-02-24 09:28:35,Naver,썩어도 혈육
2026-02-24 09:28:35,Naver,멸망으로 시작하는! 근미래 생존법
2026-02-24 09:28:35,Naver,동그란 그녀와 소심한 그 남자
2026-02-24 09:28:35,Naver,청춘 관찰기
2026-02-24 09:28:35,Naver,이매망량
2026-02-24 09:28:35,Naver,너랑 걷는 개 좋아
2026-02-24 09:28:35,Naver,한판
2026-02-24 09:28:35,Naver,세이브 디 어스!
2026-02-24 09:28:35,Naver,"킬러와 여고생, 그리고 개"
2026-02-24 09:28:35,Naver,클리셰클럽
2026-02-24 09:28:35,Naver,데이팅 캣
2026-02-24 09:28:35,Naver,육아일기
2026-02-24 09:28:35,Naver,무직백수 계백순
2026-02-24 09:28:35,Naver,입학용병
2026-02-24 09:28:35,Naver,2회차 환관이 남성을 되찾음
2026-02-24 09:28:35,Naver,범죄도시0
2026-02-24 09:28:35,Naver,천화서고 대공자
2026-02-24 09:28:35,Naver,권왕환생
2026-02-24 09:28:35,Naver,기기괴괴2
2026-02-24 09:28:35,Naver,유쾌한 신
2026-02-24 09:28:35,Naver,태존비록
2026-02-24 09:28:35,Naver,개짓
2026-02-24 09:28:35,Naver,용사보다 너무 강해서 힘을 숨김
2026-02-24 09:28:35,Naver,날 닮은 아이
2026-02-24 09:28:35,Naver,뼈말라인 내가 100kg가 된 이유
2026-02-24 09:28:35,Naver,무조건 이혼한다
2026-02-24 09:28:35,Naver,용사파티만화
2026-02-24 09:28:35,Naver,천재 무림 트레이너
2026-02-24 09:28:35,Naver,속아주고싶어
2026-02-24 09:28:35,Naver,축구천재로 오해받는 중입니다
2026-02-24 09:28:35,Naver,러브 미 모어
2026-02-24 09:28:35,Naver,소녀바둑
2026-02-24 09:28:35,Naver,수희0(tngmlek0)
2026-02-24 09:28:35,Naver,문스트럭
2026-02-24 09:28:35,Naver,고대동물기
2026-02-24 09:28:35,Naver,화스트 페이스
2026-02-24 09:28:35,Naver,재벌의 품격
2026-02-24 09:28:35,Naver,나 혼자 특성빨로 무한 성장
2026-02-24 09:28:35,Naver,사부님들이 구독 중
2026-02-24 09:28:35,Naver,내 최애는 막차를 탄다
2026-02-24 09:28:35,Naver,장풍전
2026-02-24 09:28:35,Naver,소년교도소
2026-02-24 09:28:35,Naver,주먹 쓰는 천재 마법사
2026-02-24 09:28:35,Naver,"고수, 후궁으로 깨어나다"
2026-02-24 09:28:35,Naver,해시태그는 첫사랑
2026-02-24 09:28:35,Naver,서바이브
2026-02-24 09:28:35,Naver,양아치의 첫사랑
2026-02-24 09:28:35,Naver,레드셔츠
2026-02-24 09:28:35,Naver,"20 중반, 성공이란 무엇인가"
2026-02-24 09:28:35,Naver,아카데미에 위장취업당했다
2026-02-24 09:28:35,Naver,위닝샷!
2026-02-24 09:28:35,Naver,하남자의 탑 공략법
2026-02-24 09:28:35,Naver,최후의 모험가
2026-02-24 09:28:35,Naver,뒷골목 마법사의 회귀생활
2026-02-24 09:28:35,Naver,세상에 나쁜 영애는 없다
2026-02-24 09:28:35,Naver,고덕춘의 푸드트럭
2026-02-24 09:28:35,Naver,용사생활기록부
2026-02-24 09:28:35,Naver,흉가에 들어가면 안되는 이유
2026-02-24 09:28:35,Naver,너의 집
2026-02-24 09:28:35,Naver,악녀는 조용히 살고 싶을 뿐인데!
2026-02-24 09:28:35,Naver,상사불상사
2026-02-24 09:28:35,Naver,구운몽 제로
2026-02-24 09:28:35,Naver,경자 전성시대
2026-02-24 09:28:35,Naver,부활소년
2026-02-24 09:28:35,Naver,남주의 정석
2026-02-24 09:28:35,Naver,연산군의 셰프로 살아남기
2026-02-24 09:28:35,Naver,솔플의 제왕
2026-02-24 09:28:35,Naver,그레이마크
2026-02-24 09:28:35,Naver,빌런의 프로파일러
2026-02-24 09:28:35,Naver,숨쉬지마
2026-02-24 09:28:35,Naver,논 투아
2026-02-24 09:28:35,Naver,마탑의 문제아들
2026-02-24 09:28:35,Naver,환생좌
2026-02-24 09:28:35,Naver,지상낙원
2026-02-24 09:28:35,Naver,괴물 천재선수들이 날 너무 좋아함
2026-02-24 09:28:35,Naver,아마도 무적불패
2026-02-24 09:28:35,Naver,아무래도 결혼을 잘못한 것 같다
2026-02-24 09:28:35,Naver,공정거래위원회
2026-02-24 09:28:35,Naver,원 앤 온리
2026-02-24 09:28:35,Naver,덤벙덤벙 내인생
2026-02-24 09:28:35,Naver,던전짐꾼
2026-02-24 09:28:35,Naver,첫 고백
2026-02-24 09:28:35,Naver,무진
2026-02-24 09:28:35,Naver,심검의 용사
2026-02-24 09:28:35,Naver,오리짱!
2026-02-24 09:28:35,Naver,마왕의 고백
2026-02-24 09:28:35,Naver,모럴리스 스캔들
2026-02-24 09:28:35,Naver,청춘정식
2026-02-24 09:28:35,Naver,나는 참지 못한다
2026-02-24 09:28:35,Naver,당신의 라이언
2026-02-24 09:28:35,Naver,약빨이 신선함
2026-02-24 09:28:35,Naver,팔문의 옥
2026-02-24 09:28:35,Naver,건객
2026-02-24 09:28:35,Naver,찐한 고백
2026-02-24 09:28:35,Naver,좀비파파
2026-02-24 09:28:35,Naver,죽거나 혹은 사랑에 빠지거나
2026-02-24 09:28:35,Naver,사내 계약 연애
2026-02-24 09:28:35,Naver,수사중 연애금지!
2026-02-24 09:28:35,Naver,키스는 자기 전에
2026-02-24 09:28:35,Naver,천사개와 악마캣
2026-02-24 09:28:35,Naver,사이코패스 흑막과 파혼하는 50가지 방법
2026-02-24 09:28:35,Naver,미스테리 쇼크
2026-02-24 09:28:35,Naver,검은 사슬
2026-02-24 09:28:35,Naver,"아임 파인 땡큐, 앤유?"
2026-02-24 09:28:35,Naver,"그 머리 긴 선배, 이름이 뭐더라?"
2026-02-24 09:28:35,Naver,108명의 그녀들
2026-02-24 09:28:35,Naver,날의 뒤편에서.
2026-02-24 09:28:35,Naver,조만국의 현대만화
2026-02-24 09:28:35,Naver,고백대리
2026-02-24 09:28:35,Naver,살인예정자
2026-02-24 09:28:35,Naver,사랑 안 해!
2026-02-24 09:28:35,Naver,우아한 오브리
2026-02-24 09:28:35,Naver,낙원에 진 그림자
2026-02-24 09:28:35,Naver,감정전이
2026-02-24 09:28:35,Naver,마피아 내니
2026-02-24 09:28:35,Naver,시체 조작돌
2026-02-24 09:28:35,Naver,마녀의 눈물은 독이 된다
2026-02-24 09:28:35,Naver,방문을 열면 그곳엔 괴물
2026-02-24 09:28:35,Naver,킬링킬러
2026-02-24 09:28:35,Naver,밤필드의 아이들 by DARK MOON
2026-02-24 09:28:35,Naver,요괴삼월
2026-02-24 09:28:35,Naver,지켜줄게!
2026-02-24 09:28:35,Kakao,1힘숨찐 어린이가 아빠를 찾습니다
2026-02-24 09:28:35,Kakao,"대표전화 1644-4755|이메일 contact@KakaoPage.com|경기도 성남시 분당구 판교역로 235, 에이치스퀘어 N동 8, 9, 10층|사업자 정보 확인"
2026-02-24 09:28:35,Kakao,무명 여배우인데 모두 날 알아
2026-02-24 09:28:35,Kakao,10755
2026-02-24 09:28:35,Kakao,회귀자 멱살 잡고 데뷔합니다
2026-02-24 09:28:35,Kakao,사천당가의 시비로 살아남기
2026-02-24 09:28:35,Kakao,천하제일 무공교관
2026-02-24 09:28:35,Kakao,13366후계자는 모르겠고 힐링이나 하렵니다
2026-02-24 09:28:35,Kakao,145신마대제
2026-02-24 09:28:35,Kakao,176월야환담 : 신월야
2026-02-24 09:28:35,Kakao,타적농가일상
2026-02-24 09:28:35,Kakao,"Top 30026.02.24 18:00 기준1힘숨찐 어린이가 아빠를 찾습니다2괴담에 떨어져도 출근을 해야 하는구나3초월급 천재 트레이너가 되었다4국정원 요원 천재배우로 환생52환생한 암살자는 검술 천재63검은머리 미군 대원수73천살성 특성의 헌터가 되었다8너에게 빼앗을 왕관93한의사, 무림에서 돌아왔습니다105마법학교 마법사로 살아가는 법111자동 루팅 범위가 너무 넓음125공녀님은 진짜만 취급합니다13광마전기145신마대제151일격필살의 소드마스터164천마등선176월야환담 : 신월야184천재 궁수의 스트리밍194악녀는 두 번 산다201초심 잃은 아이돌을 위한 회귀 백서2143멸망한 세계의 4급 인간2214네크로맨서 학교의 소환천재235의원, 다시 살다243변경백 서자는 황제였다257내가 만든 재앙급 소환수가 게이트를 씹어먹음264이번 생은 우주대스타271데뷔 못 하면 죽는 병 걸림284너희들은 변호됐다296고립된 후작 영애는 먹고살고 싶어서305회귀자 멱살 잡고 데뷔합니다312은해상단 막내아들321내가 던진 공이 마구란다335전역 5분 만에 이세계 장교가 되었다344회귀자가 다 만들어줌356흑백무제3625악녀님의 최애로 간택된 사정3741엔딩인 줄 알고 돌아왔더니 장르가 바뀜383신인인데 천만배우3940특성 쌓는 스트라이커407무례하고 다정한416제암진천경428세레나와 불가사의한 미궁433전설급 영웅은 아카데미 우등생4410마론 후작458쌀먹 용사의 자본주의 스트리밍4612백작가의 망나니가 되었다4711년차 만렙 매니저4818금발의 정령사 [개정판]4939사천당가의 시비로 살아남기508주인공의 동생이 성좌로 부활함"
2026-02-24 09:28:35,Kakao,344회귀자가 다 만들어줌
2026-02-24 09:28:35,Kakao,13042남궁천마
2026-02-24 09:28:35,Kakao,"탭,총 16개 중 10번째"
2026-02-24 09:28:35,Kakao,7616북부 전선의 미친 창잡이
2026-02-24 09:28:35,Kakao,"지금핫한탭,총 16개 중 1번째선택됨,실시간 랭킹탭,총 16개 중 2번째오늘신작탭,총 16개 중 3번째남성인기탭,총 16개 중 4번째판타지탭,총 16개 중 5번째현판탭,총 16개 중 6번째무협탭,총 16개 중 7번째로판탭,총 16개 중 8번째로맨스탭,총 16개 중 9번째단행본탭,총 16개 중 10번째요일탭,총 16개 중 11번째완전판탭,총 16개 중 12번째BL탭,총 16개 중 13번째여성인기탭,총 16개 중 14번째페이지명작관탭,총 16개 중 15번째장르전체탭,총 16개 중 16번째1일차 PICK 결과 공개👀Top 30026.02.24 18:00 기준1힘숨찐 어린이가 아빠를 찾습니다2괴담에 떨어져도 출근을 해야 하는구나3초월급 천재 트레이너가 되었다4국정원 요원 천재배우로 환생52환생한 암살자는 검술 천재63검은머리 미군 대원수73천살성 특성의 헌터가 되었다8너에게 빼앗을 왕관93한의사, 무림에서 돌아왔습니다105마법학교 마법사로 살아가는 법111자동 루팅 범위가 너무 넓음125공녀님은 진짜만 취급합니다13광마전기145신마대제151일격필살의 소드마스터164천마등선176월야환담 : 신월야184천재 궁수의 스트리밍194악녀는 두 번 산다201초심 잃은 아이돌을 위한 회귀 백서2143멸망한 세계의 4급 인간2214네크로맨서 학교의 소환천재235의원, 다시 살다243변경백 서자는 황제였다257내가 만든 재앙급 소환수가 게이트를 씹어먹음264이번 생은 우주대스타271데뷔 못 하면 죽는 병 걸림284너희들은 변호됐다296고립된 후작 영애는 먹고살고 싶어서305회귀자 멱살 잡고 데뷔합니다312은해상단 막내아들321내가 던진 공이 마구란다335전역 5분 만에 이세계 장교가 되었다344회귀자가 다 만들어줌356흑백무제3625악녀님의 최애로 간택된 사정3741엔딩인 줄 알고 돌아왔더니 장르가 바뀜383신인인데 천만배우3940특성 쌓는 스트라이커407무례하고 다정한416제암진천경428세레나와 불가사의한 미궁433전설급 영웅은 아카데미 우등생4410마론 후작458쌀먹 용사의 자본주의 스트리밍4612백작가의 망나니가 되었다4711년차 만렙 매니저4818금발의 정령사 [개정판]4939사천당가의 시비로 살아남기508주인공의 동생이 성좌로 부활함5112집착 광공이 나를 감금하려고 한다527탑 아이돌 삼촌이 넷이나 생김533병아리반 헌터는 효도 중!5427군림천하551내 새끼 데뷔시키려다 내가 데뷔하게 생김5610피폐 역하렘 남주들의 막내 처제가 되었다572이번 생은 가주가 되겠습니다5810아기는 악당을 키운다5910천재 대장장이의 게임6012천하제일 무공교관6136해고당한날 EX급 헌터로 각성함6214제국의 시녀6310아빠가 힘을 숨김6478복수하는 김에 재벌도 되겠습니다6521혼돈단신669야구단 신입이 너무 잘함67150회귀한 천재 플레이어의 신화급 무기창조68212탑에 갇혀 고인물692초월급 금손 대장장이의 귀환705미궁탐험 1017128마법명가 차남으로 살아남는 법721이 집안을 일으켜세우겠습니다!7323힐링 테라피 숍 사장은 세계 랭킹 0위7487브론즈로 회귀한 올 마스터7524부서진 랭커가 신화를 씹어먹음7616북부 전선의 미친 창잡이778100층의 올마스터7816전생검신79소반파양성대료(후부의 악동들을 키우게 되었습니다)8041망나니 PD 아이돌로 살아남기8167금수저 투자백서8223막내가 뭔갈 많이 숨김8315-99레벨 대마법사841직접 고른 공작 아빠가 눈이 잘 (안) 보임8517역대급 돈지랄 천재 강화사로 각성하다8631회귀자 사용설명서8710너의 윙맨에게 [19세 완전판][단행본]881복수는 시월드부터899즉사급 올마스터가 레벨업을 잘함9017남궁검귀914마탑 키워서 대마법사9227다섯 살 아가 공주, 대궐을 지배하다9347삼류무가 천하제일인9410무한의 마법사9526악인들의 대사형9616적룡무제9737시한부 아기 의원이 천재인 걸 안 숨김985막내 공녀의 총애를 독차지했더니, 모두 내게 집착한다9939강철의 열제10023나만 탑이 두 개다"
2026-02-24 09:28:35,Kakao,118100
2026-02-24 09:28:35,Kakao,악인들의 대사형
2026-02-24 09:28:35,Kakao,14111
2026-02-24 09:28:35,Kakao,"탭,총 16개 중 4번째"
2026-02-24 09:28:35,Kakao,회귀자가 다 만들어줌
2026-02-24 09:28:35,Kakao,105마법학교 마법사로 살아가는 법
2026-02-24 09:28:35,Kakao,천살성 특성의 헌터가 되었다
2026-02-24 09:28:35,Kakao,청소년보호정책
2026-02-24 09:28:35,Kakao,회귀자 사용설명서
2026-02-24 09:28:35,Kakao,4818금발의 정령사 [개정판]
2026-02-24 09:28:35,Kakao,"지금핫한탭,총 16개 중 1번째선택됨,실시간 랭킹탭,총 16개 중 2번째오늘신작탭,총 16개 중 3번째남성인기탭,총 16개 중 4번째판타지탭,총 16개 중 5번째현판탭,총 16개 중 6번째무협탭,총 16개 중 7번째로판탭,총 16개 중 8번째로맨스탭,총 16개 중 9번째단행본탭,총 16개 중 10번째요일탭,총 16개 중 11번째완전판탭,총 16개 중 12번째BL탭,총 16개 중 13번째여성인기탭,총 16개 중 14번째페이지명작관탭,총 16개 중 15번째장르전체탭,총 16개 중 16번째1일차 PICK 결과 공개👀Top 30026.02.24 18:00 기준1힘숨찐 어린이가 아빠를 찾습니다2괴담에 떨어져도 출근을 해야 하는구나3초월급 천재 트레이너가 되었다4국정원 요원 천재배우로 환생52환생한 암살자는 검술 천재63검은머리 미군 대원수73천살성 특성의 헌터가 되었다8너에게 빼앗을 왕관93한의사, 무림에서 돌아왔습니다105마법학교 마법사로 살아가는 법111자동 루팅 범위가 너무 넓음125공녀님은 진짜만 취급합니다13광마전기145신마대제151일격필살의 소드마스터164천마등선176월야환담 : 신월야184천재 궁수의 스트리밍194악녀는 두 번 산다201초심 잃은 아이돌을 위한 회귀 백서2143멸망한 세계의 4급 인간2214네크로맨서 학교의 소환천재235의원, 다시 살다243변경백 서자는 황제였다257내가 만든 재앙급 소환수가 게이트를 씹어먹음264이번 생은 우주대스타271데뷔 못 하면 죽는 병 걸림284너희들은 변호됐다296고립된 후작 영애는 먹고살고 싶어서305회귀자 멱살 잡고 데뷔합니다312은해상단 막내아들321내가 던진 공이 마구란다335전역 5분 만에 이세계 장교가 되었다344회귀자가 다 만들어줌356흑백무제3625악녀님의 최애로 간택된 사정3741엔딩인 줄 알고 돌아왔더니 장르가 바뀜383신인인데 천만배우3940특성 쌓는 스트라이커407무례하고 다정한416제암진천경428세레나와 불가사의한 미궁433전설급 영웅은 아카데미 우등생4410마론 후작458쌀먹 용사의 자본주의 스트리밍4612백작가의 망나니가 되었다4711년차 만렙 매니저4818금발의 정령사 [개정판]4939사천당가의 시비로 살아남기508주인공의 동생이 성좌로 부활함5112집착 광공이 나를 감금하려고 한다527탑 아이돌 삼촌이 넷이나 생김533병아리반 헌터는 효도 중!5427군림천하551내 새끼 데뷔시키려다 내가 데뷔하게 생김5610피폐 역하렘 남주들의 막내 처제가 되었다572이번 생은 가주가 되겠습니다5810아기는 악당을 키운다5910천재 대장장이의 게임6012천하제일 무공교관6136해고당한날 EX급 헌터로 각성함6214제국의 시녀6310아빠가 힘을 숨김6478복수하는 김에 재벌도 되겠습니다6521혼돈단신669야구단 신입이 너무 잘함67150회귀한 천재 플레이어의 신화급 무기창조68212탑에 갇혀 고인물692초월급 금손 대장장이의 귀환705미궁탐험 1017128마법명가 차남으로 살아남는 법721이 집안을 일으켜세우겠습니다!7323힐링 테라피 숍 사장은 세계 랭킹 0위7487브론즈로 회귀한 올 마스터7524부서진 랭커가 신화를 씹어먹음7616북부 전선의 미친 창잡이778100층의 올마스터7816전생검신79소반파양성대료(후부의 악동들을 키우게 되었습니다)8041망나니 PD 아이돌로 살아남기8167금수저 투자백서8223막내가 뭔갈 많이 숨김8315-99레벨 대마법사841직접 고른 공작 아빠가 눈이 잘 (안) 보임8517역대급 돈지랄 천재 강화사로 각성하다8631회귀자 사용설명서8710너의 윙맨에게 [19세 완전판][단행본]881복수는 시월드부터899즉사급 올마스터가 레벨업을 잘함9017남궁검귀914마탑 키워서 대마법사9227다섯 살 아가 공주, 대궐을 지배하다9347삼류무가 천하제일인9410무한의 마법사9526악인들의 대사형9616적룡무제9737시한부 아기 의원이 천재인 걸 안 숨김985막내 공녀의 총애를 독차지했더니, 모두 내게 집착한다9939강철의 열제10023나만 탑이 두 개다10123명문고 EX급 조연의 리플레이10228화산천마1033방출된 외야수가 천재 투수10422블랙기업조선10512타적농가일상10612망나니 1왕자가 되었다10755무명 여배우인데 모두 날 알아10820랭커를 위한 바른 생활 안내서10935구원 맞선11015재앙급 괴수 테이머의 회귀111주인공이 컨셉충이면 곤란한가요1121죽은 아내가 돌아왔다11323사패무신1146회귀한 천재 대장장이는 올마스터로 각성했다11545템빨116나는 될놈이다117능력 먹고 레벨업하는 영주님118100천재 작곡가, 다시 시작합니다119스킬빨로 레벨업1205친구란 이름 뒤에12150광음지외12218갓 오브 블랙필드 : 데드라인12345여주가 다 해 먹음12413환생자의 스트리밍125크툴루 게임 속 천재 마법사가 되었다1265천마가 탑을 박살 냄12722사랑받는 언니 대신 괴물과 결혼했는데12834삼류문파 대사형1295눈먼 공작과 약혼했다13042남궁천마131다 해먹는 슈퍼스타1329남궁세가 손녀딸의 귀환13366후계자는 모르겠고 힐링이나 하렵니다1342닥터 최대호13518남주의 애착 하녀가 너무 유능함13656학사신공13725회귀의 전설13884좋소기업 사천당가13915검술명가 막내아들14016조선왕자가 미국갔다 안 돌아옴14111릴리에타의 귀환14243로그인 무림14396당신과 나의 답장 사이1441전생자 생활백서1455잊혀진 들판14636666층까지 스킬 독식147148아포칼립스인데, 소환수가 다 해줌14881남주들과 외딴섬에 갇혀버렸다14948여주가 세계를 구함15029적국의 교수를 너무 잘해버렸다"
2026-02-24 09:28:35,Kakao,125공녀님은 진짜만 취급합니다
2026-02-24 09:28:35,Kakao,통신판매업 신고번호 2018-성남분당B-0004
2026-02-24 09:28:35,Kakao,쿠폰 등록
2026-02-24 09:28:35,Kakao,당신과 나의 답장 사이
2026-02-24 09:28:35,Kakao,"남성인기탭,총 16개 중 4번째"
2026-02-24 09:28:35,Kakao,"추천탭,총 5개 중 1번째웹툰탭,총 5개 중 2번째선택됨,웹소설탭,총 5개 중 3번째책탭,총 5개 중 4번째요일연재탭,총 5개 중 5번째님-충전알림캐시 PASS VIP캐시 내역이용권 내역댓글 내역공지사항고객센터쿠폰 등록설정다크 모드로그아웃지금핫한탭,총 16개 중 1번째선택됨,실시간 랭킹탭,총 16개 중 2번째오늘신작탭,총 16개 중 3번째남성인기탭,총 16개 중 4번째판타지탭,총 16개 중 5번째현판탭,총 16개 중 6번째무협탭,총 16개 중 7번째로판탭,총 16개 중 8번째로맨스탭,총 16개 중 9번째단행본탭,총 16개 중 10번째요일탭,총 16개 중 11번째완전판탭,총 16개 중 12번째BL탭,총 16개 중 13번째여성인기탭,총 16개 중 14번째페이지명작관탭,총 16개 중 15번째장르전체탭,총 16개 중 16번째1일차 PICK 결과 공개👀Top 30026.02.24 18:00 기준1힘숨찐 어린이가 아빠를 찾습니다2괴담에 떨어져도 출근을 해야 하는구나3초월급 천재 트레이너가 되었다4국정원 요원 천재배우로 환생52환생한 암살자는 검술 천재63검은머리 미군 대원수73천살성 특성의 헌터가 되었다8너에게 빼앗을 왕관93한의사, 무림에서 돌아왔습니다105마법학교 마법사로 살아가는 법111자동 루팅 범위가 너무 넓음125공녀님은 진짜만 취급합니다13광마전기145신마대제151일격필살의 소드마스터164천마등선176월야환담 : 신월야184천재 궁수의 스트리밍194악녀는 두 번 산다201초심 잃은 아이돌을 위한 회귀 백서2143멸망한 세계의 4급 인간2214네크로맨서 학교의 소환천재235의원, 다시 살다243변경백 서자는 황제였다257내가 만든 재앙급 소환수가 게이트를 씹어먹음264이번 생은 우주대스타271데뷔 못 하면 죽는 병 걸림284너희들은 변호됐다296고립된 후작 영애는 먹고살고 싶어서305회귀자 멱살 잡고 데뷔합니다312은해상단 막내아들321내가 던진 공이 마구란다335전역 5분 만에 이세계 장교가 되었다344회귀자가 다 만들어줌356흑백무제3625악녀님의 최애로 간택된 사정3741엔딩인 줄 알고 돌아왔더니 장르가 바뀜383신인인데 천만배우3940특성 쌓는 스트라이커407무례하고 다정한416제암진천경428세레나와 불가사의한 미궁433전설급 영웅은 아카데미 우등생4410마론 후작458쌀먹 용사의 자본주의 스트리밍4612백작가의 망나니가 되었다4711년차 만렙 매니저4818금발의 정령사 [개정판]4939사천당가의 시비로 살아남기508주인공의 동생이 성좌로 부활함5112집착 광공이 나를 감금하려고 한다527탑 아이돌 삼촌이 넷이나 생김533병아리반 헌터는 효도 중!5427군림천하551내 새끼 데뷔시키려다 내가 데뷔하게 생김5610피폐 역하렘 남주들의 막내 처제가 되었다572이번 생은 가주가 되겠습니다5810아기는 악당을 키운다5910천재 대장장이의 게임6012천하제일 무공교관6136해고당한날 EX급 헌터로 각성함6214제국의 시녀6310아빠가 힘을 숨김6478복수하는 김에 재벌도 되겠습니다6521혼돈단신669야구단 신입이 너무 잘함67150회귀한 천재 플레이어의 신화급 무기창조68212탑에 갇혀 고인물692초월급 금손 대장장이의 귀환705미궁탐험 1017128마법명가 차남으로 살아남는 법721이 집안을 일으켜세우겠습니다!7323힐링 테라피 숍 사장은 세계 랭킹 0위7487브론즈로 회귀한 올 마스터7524부서진 랭커가 신화를 씹어먹음7616북부 전선의 미친 창잡이778100층의 올마스터7816전생검신79소반파양성대료(후부의 악동들을 키우게 되었습니다)8041망나니 PD 아이돌로 살아남기8167금수저 투자백서8223막내가 뭔갈 많이 숨김8315-99레벨 대마법사841직접 고른 공작 아빠가 눈이 잘 (안) 보임8517역대급 돈지랄 천재 강화사로 각성하다8631회귀자 사용설명서8710너의 윙맨에게 [19세 완전판][단행본]881복수는 시월드부터899즉사급 올마스터가 레벨업을 잘함9017남궁검귀914마탑 키워서 대마법사9227다섯 살 아가 공주, 대궐을 지배하다9347삼류무가 천하제일인9410무한의 마법사9526악인들의 대사형9616적룡무제9737시한부 아기 의원이 천재인 걸 안 숨김985막내 공녀의 총애를 독차지했더니, 모두 내게 집착한다9939강철의 열제10023나만 탑이 두 개다10123명문고 EX급 조연의 리플레이10228화산천마1033방출된 외야수가 천재 투수10422블랙기업조선10512타적농가일상10612망나니 1왕자가 되었다10755무명 여배우인데 모두 날 알아10820랭커를 위한 바른 생활 안내서10935구원 맞선11015재앙급 괴수 테이머의 회귀111주인공이 컨셉충이면 곤란한가요1121죽은 아내가 돌아왔다11323사패무신1146회귀한 천재 대장장이는 올마스터로 각성했다11545템빨116나는 될놈이다117능력 먹고 레벨업하는 영주님118100천재 작곡가, 다시 시작합니다119스킬빨로 레벨업1205친구란 이름 뒤에12150광음지외12218갓 오브 블랙필드 : 데드라인12345여주가 다 해 먹음12413환생자의 스트리밍125크툴루 게임 속 천재 마법사가 되었다1265천마가 탑을 박살 냄12722사랑받는 언니 대신 괴물과 결혼했는데12834삼류문파 대사형1295눈먼 공작과 약혼했다13042남궁천마131다 해먹는 슈퍼스타1329남궁세가 손녀딸의 귀환13366후계자는 모르겠고 힐링이나 하렵니다1342닥터 최대호13518남주의 애착 하녀가 너무 유능함13656학사신공13725회귀의 전설13884좋소기업 사천당가13915검술명가 막내아들14016조선왕자가 미국갔다 안 돌아옴14111릴리에타의 귀환14243로그인 무림14396당신과 나의 답장 사이1441전생자 생활백서1455잊혀진 들판14636666층까지 스킬 독식147148아포칼립스인데, 소환수가 다 해줌14881남주들과 외딴섬에 갇혀버렸다14948여주가 세계를 구함15029적국의 교수를 너무 잘해버렸다회사 소개이용약관개인정보처리방침청소년보호정책고객센터공지사항(주)카카오엔터테인먼트 사업자 정보공동대표이사 권기수, 장윤중|호스팅서비스사업자 (주)카카오엔터테인먼트사업자등록번호 220-88-02594|통신판매업 신고번호 2018-성남분당B-0004대표전화 1644-4755|이메일 contact@KakaoPage.com|경기도 성남시 분당구 판교역로 235, 에이치스퀘어 N동 8, 9, 10층|사업자 정보 확인© Kakao Entertainment Corp."
2026-02-24 09:28:35,Kakao,아기는 악당을 키운다
2026-02-24 09:28:35,Kakao,"다섯 살 아가 공주, 대궐을 지배하다"
2026-02-24 09:28:35,Kakao,역대급 돈지랄 천재 강화사로 각성하다
2026-02-24 09:28:35,Kakao,10422
2026-02-24 09:28:35,Kakao,13042
2026-02-24 09:28:35,Kakao,12345여주가 다 해 먹음
2026-02-24 09:28:35,Kakao,4612백작가의 망나니가 되었다
2026-02-24 09:28:35,Kakao,"탭,총 16개 중 11번째"
2026-02-24 09:28:35,Kakao,705미궁탐험 101
2026-02-24 09:28:35,Kakao,"천재 작곡가, 다시 시작합니다"
2026-02-24 09:28:35,Kakao,총 5개 중 4번째
2026-02-24 09:28:35,Kakao,14881
2026-02-24 09:28:35,Kakao,"235의원, 다시 살다"
2026-02-24 09:28:35,Kakao,1033방출된 외야수가 천재 투수
2026-02-24 09:28:35,Kakao,개인정보처리방침
2026-02-24 09:28:35,Kakao,1441전생자 생활백서
2026-02-24 09:28:35,Kakao,"탭,총 16개 중 5번째"
2026-02-24 09:28:35,Kakao,전설급 영웅은 아카데미 우등생
2026-02-24 09:28:35,Kakao,회귀한 천재 플레이어의 신화급 무기창조
2026-02-24 09:28:35,Kakao,3940특성 쌓는 스트라이커
2026-02-24 09:28:35,Kakao,2괴담에 떨어져도 출근을 해야 하는구나
2026-02-24 09:28:35,Kakao,26.02.24 18:00 기준
2026-02-24 09:28:35,Kakao,12413
2026-02-24 09:28:35,Kakao,5427군림천하
2026-02-24 09:28:35,Kakao,백작가의 망나니가 되었다
2026-02-24 09:28:35,Kakao,194악녀는 두 번 산다
2026-02-24 09:28:35,Kakao,너희들은 변호됐다
2026-02-24 09:28:35,Kakao,428세레나와 불가사의한 미궁
2026-02-24 09:28:35,Kakao,"추천탭,총 5개 중 1번째웹툰탭,총 5개 중 2번째선택됨,웹소설탭,총 5개 중 3번째책탭,총 5개 중 4번째요일연재탭,총 5개 중 5번째님-충전알림캐시 PASS VIP캐시 내역이용권 내역댓글 내역공지사항고객센터쿠폰 등록설정다크 모드로그아웃지금핫한탭,총 16개 중 1번째선택됨,실시간 랭킹탭,총 16개 중 2번째오늘신작탭,총 16개 중 3번째남성인기탭,총 16개 중 4번째판타지탭,총 16개 중 5번째현판탭,총 16개 중 6번째무협탭,총 16개 중 7번째로판탭,총 16개 중 8번째로맨스탭,총 16개 중 9번째단행본탭,총 16개 중 10번째요일탭,총 16개 중 11번째완전판탭,총 16개 중 12번째BL탭,총 16개 중 13번째여성인기탭,총 16개 중 14번째페이지명작관탭,총 16개 중 15번째장르전체탭,총 16개 중 16번째1일차 PICK 결과 공개👀Top 30026.02.24 18:00 기준1힘숨찐 어린이가 아빠를 찾습니다2괴담에 떨어져도 출근을 해야 하는구나3초월급 천재 트레이너가 되었다4국정원 요원 천재배우로 환생52환생한 암살자는 검술 천재63검은머리 미군 대원수73천살성 특성의 헌터가 되었다8너에게 빼앗을 왕관93한의사, 무림에서 돌아왔습니다105마법학교 마법사로 살아가는 법111자동 루팅 범위가 너무 넓음125공녀님은 진짜만 취급합니다13광마전기145신마대제151일격필살의 소드마스터164천마등선176월야환담 : 신월야184천재 궁수의 스트리밍194악녀는 두 번 산다201초심 잃은 아이돌을 위한 회귀 백서2143멸망한 세계의 4급 인간2214네크로맨서 학교의 소환천재235의원, 다시 살다243변경백 서자는 황제였다257내가 만든 재앙급 소환수가 게이트를 씹어먹음264이번 생은 우주대스타271데뷔 못 하면 죽는 병 걸림284너희들은 변호됐다296고립된 후작 영애는 먹고살고 싶어서305회귀자 멱살 잡고 데뷔합니다312은해상단 막내아들321내가 던진 공이 마구란다335전역 5분 만에 이세계 장교가 되었다344회귀자가 다 만들어줌356흑백무제3625악녀님의 최애로 간택된 사정3741엔딩인 줄 알고 돌아왔더니 장르가 바뀜383신인인데 천만배우3940특성 쌓는 스트라이커407무례하고 다정한416제암진천경428세레나와 불가사의한 미궁433전설급 영웅은 아카데미 우등생4410마론 후작458쌀먹 용사의 자본주의 스트리밍4612백작가의 망나니가 되었다4711년차 만렙 매니저4818금발의 정령사 [개정판]4939사천당가의 시비로 살아남기508주인공의 동생이 성좌로 부활함회사 소개이용약관개인정보처리방침청소년보호정책고객센터공지사항(주)카카오엔터테인먼트 사업자 정보공동대표이사 권기수, 장윤중|호스팅서비스사업자 (주)카카오엔터테인먼트사업자등록번호 220-88-02594|통신판매업 신고번호 2018-성남분당B-0004대표전화 1644-4755|이메일 contact@KakaoPage.com|경기도 성남시 분당구 판교역로 235, 에이치스퀘어 N동 8, 9, 10층|사업자 정보 확인© Kakao Entertainment Corp."
2026-02-24 09:28:35,Kakao,"탭,총 16개 중 3번째"
2026-02-24 09:28:35,Kakao,"선택됨,웹소설탭,"
2026-02-24 09:28:35,Kakao,은해상단 막내아들
2026-02-24 09:28:35,Kakao,복수는 시월드부터
2026-02-24 09:28:35,Kakao,이메일 contact@KakaoPage.com
2026-02-24 09:28:35,Kakao,9939강철의 열제
2026-02-24 09:28:35,Kakao,8너에게 빼앗을 왕관
2026-02-24 09:28:35,Kakao,이번 생은 우주대스타
2026-02-24 09:28:35,Kakao,9526악인들의 대사형
2026-02-24 09:28:35,Kakao,7487브론즈로 회귀한 올 마스터
2026-02-24 09:28:35,Kakao,"탭,총 16개 중 8번째"
2026-02-24 09:28:35,Kakao,탑 아이돌 삼촌이 넷이나 생김
2026-02-24 09:28:35,Kakao,삼류문파 대사형
2026-02-24 09:28:35,Kakao,52환생한 암살자는 검술 천재
2026-02-24 09:28:35,Kakao,7816전생검신
2026-02-24 09:28:35,Kakao,무례하고 다정한
2026-02-24 09:28:35,Kakao,악녀님의 최애로 간택된 사정
2026-02-24 09:28:35,Kakao,병아리반 헌터는 효도 중!
2026-02-24 09:28:35,Kakao,5610피폐 역하렘 남주들의 막내 처제가 되었다
2026-02-24 09:28:35,Kakao,15029적국의 교수를 너무 잘해버렸다
2026-02-24 09:28:35,Kakao,458쌀먹 용사의 자본주의 스트리밍
2026-02-24 09:28:35,Kakao,9616적룡무제
2026-02-24 09:28:35,Kakao,67150
2026-02-24 09:28:35,Kakao,"탭,총 16개 중 15번째"
2026-02-24 09:28:35,Kakao,"985막내 공녀의 총애를 독차지했더니, 모두 내게 집착한다"
2026-02-24 09:28:35,Kakao,4국정원 요원 천재배우로 환생
2026-02-24 09:28:35,Kakao,부서진 랭커가 신화를 씹어먹음
2026-02-24 09:28:35,Kakao,"1일차 PICK 결과 공개👀Top 30026.02.24 18:00 기준1힘숨찐 어린이가 아빠를 찾습니다2괴담에 떨어져도 출근을 해야 하는구나3초월급 천재 트레이너가 되었다4국정원 요원 천재배우로 환생52환생한 암살자는 검술 천재63검은머리 미군 대원수73천살성 특성의 헌터가 되었다8너에게 빼앗을 왕관93한의사, 무림에서 돌아왔습니다105마법학교 마법사로 살아가는 법111자동 루팅 범위가 너무 넓음125공녀님은 진짜만 취급합니다13광마전기145신마대제151일격필살의 소드마스터164천마등선176월야환담 : 신월야184천재 궁수의 스트리밍194악녀는 두 번 산다201초심 잃은 아이돌을 위한 회귀 백서2143멸망한 세계의 4급 인간2214네크로맨서 학교의 소환천재235의원, 다시 살다243변경백 서자는 황제였다257내가 만든 재앙급 소환수가 게이트를 씹어먹음264이번 생은 우주대스타271데뷔 못 하면 죽는 병 걸림284너희들은 변호됐다296고립된 후작 영애는 먹고살고 싶어서305회귀자 멱살 잡고 데뷔합니다312은해상단 막내아들321내가 던진 공이 마구란다335전역 5분 만에 이세계 장교가 되었다344회귀자가 다 만들어줌356흑백무제3625악녀님의 최애로 간택된 사정3741엔딩인 줄 알고 돌아왔더니 장르가 바뀜383신인인데 천만배우3940특성 쌓는 스트라이커407무례하고 다정한416제암진천경428세레나와 불가사의한 미궁433전설급 영웅은 아카데미 우등생4410마론 후작458쌀먹 용사의 자본주의 스트리밍4612백작가의 망나니가 되었다4711년차 만렙 매니저4818금발의 정령사 [개정판]4939사천당가의 시비로 살아남기508주인공의 동생이 성좌로 부활함5112집착 광공이 나를 감금하려고 한다527탑 아이돌 삼촌이 넷이나 생김533병아리반 헌터는 효도 중!5427군림천하551내 새끼 데뷔시키려다 내가 데뷔하게 생김5610피폐 역하렘 남주들의 막내 처제가 되었다572이번 생은 가주가 되겠습니다5810아기는 악당을 키운다5910천재 대장장이의 게임6012천하제일 무공교관6136해고당한날 EX급 헌터로 각성함6214제국의 시녀6310아빠가 힘을 숨김6478복수하는 김에 재벌도 되겠습니다6521혼돈단신669야구단 신입이 너무 잘함67150회귀한 천재 플레이어의 신화급 무기창조68212탑에 갇혀 고인물692초월급 금손 대장장이의 귀환705미궁탐험 1017128마법명가 차남으로 살아남는 법721이 집안을 일으켜세우겠습니다!7323힐링 테라피 숍 사장은 세계 랭킹 0위7487브론즈로 회귀한 올 마스터7524부서진 랭커가 신화를 씹어먹음7616북부 전선의 미친 창잡이778100층의 올마스터7816전생검신79소반파양성대료(후부의 악동들을 키우게 되었습니다)8041망나니 PD 아이돌로 살아남기8167금수저 투자백서8223막내가 뭔갈 많이 숨김8315-99레벨 대마법사841직접 고른 공작 아빠가 눈이 잘 (안) 보임8517역대급 돈지랄 천재 강화사로 각성하다8631회귀자 사용설명서8710너의 윙맨에게 [19세 완전판][단행본]881복수는 시월드부터899즉사급 올마스터가 레벨업을 잘함9017남궁검귀914마탑 키워서 대마법사9227다섯 살 아가 공주, 대궐을 지배하다9347삼류무가 천하제일인9410무한의 마법사9526악인들의 대사형9616적룡무제9737시한부 아기 의원이 천재인 걸 안 숨김985막내 공녀의 총애를 독차지했더니, 모두 내게 집착한다9939강철의 열제10023나만 탑이 두 개다10123명문고 EX급 조연의 리플레이10228화산천마1033방출된 외야수가 천재 투수10422블랙기업조선10512타적농가일상10612망나니 1왕자가 되었다10755무명 여배우인데 모두 날 알아10820랭커를 위한 바른 생활 안내서10935구원 맞선11015재앙급 괴수 테이머의 회귀111주인공이 컨셉충이면 곤란한가요1121죽은 아내가 돌아왔다11323사패무신1146회귀한 천재 대장장이는 올마스터로 각성했다11545템빨116나는 될놈이다117능력 먹고 레벨업하는 영주님118100천재 작곡가, 다시 시작합니다119스킬빨로 레벨업1205친구란 이름 뒤에12150광음지외12218갓 오브 블랙필드 : 데드라인12345여주가 다 해 먹음12413환생자의 스트리밍125크툴루 게임 속 천재 마법사가 되었다1265천마가 탑을 박살 냄12722사랑받는 언니 대신 괴물과 결혼했는데12834삼류문파 대사형1295눈먼 공작과 약혼했다13042남궁천마131다 해먹는 슈퍼스타1329남궁세가 손녀딸의 귀환13366후계자는 모르겠고 힐링이나 하렵니다1342닥터 최대호13518남주의 애착 하녀가 너무 유능함13656학사신공13725회귀의 전설13884좋소기업 사천당가13915검술명가 막내아들14016조선왕자가 미국갔다 안 돌아옴14111릴리에타의 귀환14243로그인 무림14396당신과 나의 답장 사이1441전생자 생활백서1455잊혀진 들판14636666층까지 스킬 독식147148아포칼립스인데, 소환수가 다 해줌14881남주들과 외딴섬에 갇혀버렸다14948여주가 세계를 구함15029적국의 교수를 너무 잘해버렸다"
2026-02-24 09:28:35,Kakao,10228화산천마
2026-02-24 09:28:35,Kakao,9347삼류무가 천하제일인
2026-02-24 09:28:35,Kakao,"아포칼립스인데, 소환수가 다 해줌"
2026-02-24 09:28:35,Kakao,이용권 내역
2026-02-24 09:28:35,Kakao,"여성인기탭,총 16개 중 14번째"
2026-02-24 09:28:35,Kakao,총 5개 중 2번째
2026-02-24 09:28:35,Kakao,551내 새끼 데뷔시키려다 내가 데뷔하게 생김
2026-02-24 09:28:35,Kakao,6478복수하는 김에 재벌도 되겠습니다
2026-02-24 09:28:35,Kakao,14016
2026-02-24 09:28:35,Kakao,Top 300
2026-02-24 09:28:35,Kakao,주인공이 컨셉충이면 곤란한가요
2026-02-24 09:28:35,Kakao,초심 잃은 아이돌을 위한 회귀 백서
2026-02-24 09:28:35,Kakao,삼류무가 천하제일인
2026-02-24 09:28:35,Kakao,10023나만 탑이 두 개다
2026-02-24 09:28:35,Kakao,13656
2026-02-24 09:28:35,Kakao,5810아기는 악당을 키운다
2026-02-24 09:28:35,Kakao,13725
2026-02-24 09:28:35,Kakao,13915검술명가 막내아들
2026-02-24 09:28:35,Kakao,망나니 1왕자가 되었다
2026-02-24 09:28:35,Kakao,"추천탭,총 5개 중 1번째웹툰탭,총 5개 중 2번째선택됨,웹소설탭,총 5개 중 3번째책탭,총 5개 중 4번째요일연재탭,총 5개 중 5번째님-충전알림캐시 PASS VIP캐시 내역이용권 내역댓글 내역공지사항고객센터쿠폰 등록설정다크 모드로그아웃지금핫한탭,총 16개 중 1번째선택됨,실시간 랭킹탭,총 16개 중 2번째오늘신작탭,총 16개 중 3번째남성인기탭,총 16개 중 4번째판타지탭,총 16개 중 5번째현판탭,총 16개 중 6번째무협탭,총 16개 중 7번째로판탭,총 16개 중 8번째로맨스탭,총 16개 중 9번째단행본탭,총 16개 중 10번째요일탭,총 16개 중 11번째완전판탭,총 16개 중 12번째BL탭,총 16개 중 13번째여성인기탭,총 16개 중 14번째페이지명작관탭,총 16개 중 15번째장르전체탭,총 16개 중 16번째1일차 PICK 결과 공개👀Top 30026.02.24 18:00 기준1힘숨찐 어린이가 아빠를 찾습니다2괴담에 떨어져도 출근을 해야 하는구나3초월급 천재 트레이너가 되었다4국정원 요원 천재배우로 환생52환생한 암살자는 검술 천재63검은머리 미군 대원수73천살성 특성의 헌터가 되었다8너에게 빼앗을 왕관93한의사, 무림에서 돌아왔습니다105마법학교 마법사로 살아가는 법111자동 루팅 범위가 너무 넓음125공녀님은 진짜만 취급합니다13광마전기145신마대제151일격필살의 소드마스터164천마등선176월야환담 : 신월야184천재 궁수의 스트리밍194악녀는 두 번 산다201초심 잃은 아이돌을 위한 회귀 백서2143멸망한 세계의 4급 인간2214네크로맨서 학교의 소환천재235의원, 다시 살다243변경백 서자는 황제였다257내가 만든 재앙급 소환수가 게이트를 씹어먹음264이번 생은 우주대스타271데뷔 못 하면 죽는 병 걸림284너희들은 변호됐다296고립된 후작 영애는 먹고살고 싶어서305회귀자 멱살 잡고 데뷔합니다312은해상단 막내아들321내가 던진 공이 마구란다335전역 5분 만에 이세계 장교가 되었다344회귀자가 다 만들어줌356흑백무제3625악녀님의 최애로 간택된 사정3741엔딩인 줄 알고 돌아왔더니 장르가 바뀜383신인인데 천만배우3940특성 쌓는 스트라이커407무례하고 다정한416제암진천경428세레나와 불가사의한 미궁433전설급 영웅은 아카데미 우등생4410마론 후작458쌀먹 용사의 자본주의 스트리밍4612백작가의 망나니가 되었다4711년차 만렙 매니저4818금발의 정령사 [개정판]4939사천당가의 시비로 살아남기508주인공의 동생이 성좌로 부활함5112집착 광공이 나를 감금하려고 한다527탑 아이돌 삼촌이 넷이나 생김533병아리반 헌터는 효도 중!5427군림천하551내 새끼 데뷔시키려다 내가 데뷔하게 생김5610피폐 역하렘 남주들의 막내 처제가 되었다572이번 생은 가주가 되겠습니다5810아기는 악당을 키운다5910천재 대장장이의 게임6012천하제일 무공교관6136해고당한날 EX급 헌터로 각성함6214제국의 시녀6310아빠가 힘을 숨김6478복수하는 김에 재벌도 되겠습니다6521혼돈단신669야구단 신입이 너무 잘함67150회귀한 천재 플레이어의 신화급 무기창조68212탑에 갇혀 고인물692초월급 금손 대장장이의 귀환705미궁탐험 1017128마법명가 차남으로 살아남는 법721이 집안을 일으켜세우겠습니다!7323힐링 테라피 숍 사장은 세계 랭킹 0위7487브론즈로 회귀한 올 마스터7524부서진 랭커가 신화를 씹어먹음7616북부 전선의 미친 창잡이778100층의 올마스터7816전생검신79소반파양성대료(후부의 악동들을 키우게 되었습니다)8041망나니 PD 아이돌로 살아남기8167금수저 투자백서8223막내가 뭔갈 많이 숨김8315-99레벨 대마법사841직접 고른 공작 아빠가 눈이 잘 (안) 보임8517역대급 돈지랄 천재 강화사로 각성하다8631회귀자 사용설명서8710너의 윙맨에게 [19세 완전판][단행본]881복수는 시월드부터899즉사급 올마스터가 레벨업을 잘함9017남궁검귀914마탑 키워서 대마법사9227다섯 살 아가 공주, 대궐을 지배하다9347삼류무가 천하제일인9410무한의 마법사9526악인들의 대사형9616적룡무제9737시한부 아기 의원이 천재인 걸 안 숨김985막내 공녀의 총애를 독차지했더니, 모두 내게 집착한다9939강철의 열제10023나만 탑이 두 개다회사 소개이용약관개인정보처리방침청소년보호정책고객센터공지사항(주)카카오엔터테인먼트 사업자 정보공동대표이사 권기수, 장윤중|호스팅서비스사업자 (주)카카오엔터테인먼트사업자등록번호 220-88-02594|통신판매업 신고번호 2018-성남분당B-0004대표전화 1644-4755|이메일 contact@KakaoPage.com|경기도 성남시 분당구 판교역로 235, 에이치스퀘어 N동 8, 9, 10층|사업자 정보 확인© Kakao Entertainment Corp."
2026-02-24 09:28:35,Kakao,284너희들은 변호됐다
2026-02-24 09:28:35,Kakao,검술명가 막내아들
2026-02-24 09:28:35,Kakao,10755무명 여배우인데 모두 날 알아
2026-02-24 09:28:35,Kakao,"막내 공녀의 총애를 독차지했더니, 모두 내게 집착한다"
2026-02-24 09:28:35,Kakao,회귀한 천재 대장장이는 올마스터로 각성했다
2026-02-24 09:28:35,Kakao,남궁세가 손녀딸의 귀환
2026-02-24 09:28:35,Kakao,13884좋소기업 사천당가
2026-02-24 09:28:35,Kakao,초월급 금손 대장장이의 귀환
2026-02-24 09:28:35,Kakao,151일격필살의 소드마스터
2026-02-24 09:28:35,Kakao,"추천탭,총 5개 중 1번째웹툰탭,총 5개 중 2번째선택됨,웹소설탭,총 5개 중 3번째책탭,총 5개 중 4번째요일연재탭,총 5개 중 5번째님-충전알림캐시 PASS VIP캐시 내역이용권 내역댓글 내역공지사항고객센터쿠폰 등록설정다크 모드로그아웃"
2026-02-24 09:28:35,Kakao,1455잊혀진 들판
2026-02-24 09:28:35,Kakao,스킬빨로 레벨업
2026-02-24 09:28:35,Kakao,크툴루 게임 속 천재 마법사가 되었다
2026-02-24 09:28:35,Kakao,"탭,총 16개 중 16번째"
2026-02-24 09:28:35,Kakao,14948여주가 세계를 구함
2026-02-24 09:28:35,Kakao,망나니 PD 아이돌로 살아남기
2026-02-24 09:28:35,Kakao,11323
2026-02-24 09:28:35,Kakao,시한부 아기 의원이 천재인 걸 안 숨김
2026-02-24 09:28:35,Kakao,초월급 천재 트레이너가 되었다
2026-02-24 09:28:35,Kakao,마법학교 마법사로 살아가는 법
2026-02-24 09:28:35,Kakao,14111릴리에타의 귀환
2026-02-24 09:28:35,Kakao,이 집안을 일으켜세우겠습니다!
2026-02-24 09:28:35,Kakao,12413환생자의 스트리밍
2026-02-24 09:28:35,Kakao,73천살성 특성의 헌터가 되었다
2026-02-24 09:28:35,Kakao,271데뷔 못 하면 죽는 병 걸림
2026-02-24 09:28:35,Kakao,"1힘숨찐 어린이가 아빠를 찾습니다2괴담에 떨어져도 출근을 해야 하는구나3초월급 천재 트레이너가 되었다4국정원 요원 천재배우로 환생52환생한 암살자는 검술 천재63검은머리 미군 대원수73천살성 특성의 헌터가 되었다8너에게 빼앗을 왕관93한의사, 무림에서 돌아왔습니다105마법학교 마법사로 살아가는 법111자동 루팅 범위가 너무 넓음125공녀님은 진짜만 취급합니다13광마전기145신마대제151일격필살의 소드마스터164천마등선176월야환담 : 신월야184천재 궁수의 스트리밍194악녀는 두 번 산다201초심 잃은 아이돌을 위한 회귀 백서2143멸망한 세계의 4급 인간2214네크로맨서 학교의 소환천재235의원, 다시 살다243변경백 서자는 황제였다257내가 만든 재앙급 소환수가 게이트를 씹어먹음264이번 생은 우주대스타271데뷔 못 하면 죽는 병 걸림284너희들은 변호됐다296고립된 후작 영애는 먹고살고 싶어서305회귀자 멱살 잡고 데뷔합니다312은해상단 막내아들321내가 던진 공이 마구란다335전역 5분 만에 이세계 장교가 되었다344회귀자가 다 만들어줌356흑백무제3625악녀님의 최애로 간택된 사정3741엔딩인 줄 알고 돌아왔더니 장르가 바뀜383신인인데 천만배우3940특성 쌓는 스트라이커407무례하고 다정한416제암진천경428세레나와 불가사의한 미궁433전설급 영웅은 아카데미 우등생4410마론 후작458쌀먹 용사의 자본주의 스트리밍4612백작가의 망나니가 되었다4711년차 만렙 매니저4818금발의 정령사 [개정판]4939사천당가의 시비로 살아남기508주인공의 동생이 성좌로 부활함5112집착 광공이 나를 감금하려고 한다527탑 아이돌 삼촌이 넷이나 생김533병아리반 헌터는 효도 중!5427군림천하551내 새끼 데뷔시키려다 내가 데뷔하게 생김5610피폐 역하렘 남주들의 막내 처제가 되었다572이번 생은 가주가 되겠습니다5810아기는 악당을 키운다5910천재 대장장이의 게임6012천하제일 무공교관6136해고당한날 EX급 헌터로 각성함6214제국의 시녀6310아빠가 힘을 숨김6478복수하는 김에 재벌도 되겠습니다6521혼돈단신669야구단 신입이 너무 잘함67150회귀한 천재 플레이어의 신화급 무기창조68212탑에 갇혀 고인물692초월급 금손 대장장이의 귀환705미궁탐험 1017128마법명가 차남으로 살아남는 법721이 집안을 일으켜세우겠습니다!7323힐링 테라피 숍 사장은 세계 랭킹 0위7487브론즈로 회귀한 올 마스터7524부서진 랭커가 신화를 씹어먹음7616북부 전선의 미친 창잡이778100층의 올마스터7816전생검신79소반파양성대료(후부의 악동들을 키우게 되었습니다)8041망나니 PD 아이돌로 살아남기8167금수저 투자백서8223막내가 뭔갈 많이 숨김8315-99레벨 대마법사841직접 고른 공작 아빠가 눈이 잘 (안) 보임8517역대급 돈지랄 천재 강화사로 각성하다8631회귀자 사용설명서8710너의 윙맨에게 [19세 완전판][단행본]881복수는 시월드부터899즉사급 올마스터가 레벨업을 잘함9017남궁검귀914마탑 키워서 대마법사9227다섯 살 아가 공주, 대궐을 지배하다9347삼류무가 천하제일인9410무한의 마법사9526악인들의 대사형9616적룡무제9737시한부 아기 의원이 천재인 걸 안 숨김985막내 공녀의 총애를 독차지했더니, 모두 내게 집착한다9939강철의 열제10023나만 탑이 두 개다"
2026-02-24 09:28:35,Kakao,"페이지명작관탭,총 16개 중 15번째"
2026-02-24 09:28:35,Kakao,12722사랑받는 언니 대신 괴물과 결혼했는데
2026-02-24 09:28:35,Kakao,강철의 열제
2026-02-24 09:28:35,Kakao,184천재 궁수의 스트리밍
2026-02-24 09:28:35,Kakao,특성 쌓는 스트라이커
2026-02-24 09:28:35,Kakao,고립된 후작 영애는 먹고살고 싶어서
2026-02-24 09:28:35,Kakao,383신인인데 천만배우
2026-02-24 09:28:35,Kakao,"탭,총 16개 중 7번째"
2026-02-24 09:28:35,Kakao,10612
2026-02-24 09:28:35,Kakao,남주의 애착 하녀가 너무 유능함
2026-02-24 09:28:35,Kakao,13915
2026-02-24 09:28:35,Kakao,금발의 정령사 [개정판]
2026-02-24 09:28:35,Kakao,669야구단 신입이 너무 잘함
2026-02-24 09:28:35,Kakao,갓 오브 블랙필드 : 데드라인
2026-02-24 09:28:35,Kakao,147148
2026-02-24 09:28:35,Kakao,111자동 루팅 범위가 너무 넓음
2026-02-24 09:28:35,Kakao,8517역대급 돈지랄 천재 강화사로 각성하다
2026-02-24 09:28:35,Kakao,12834삼류문파 대사형
2026-02-24 09:28:35,Kakao,4410마론 후작
2026-02-24 09:28:35,Kakao,"무협탭,총 16개 중 7번째"
2026-02-24 09:28:35,Kakao,67150회귀한 천재 플레이어의 신화급 무기창조
2026-02-24 09:28:35,Kakao,3625악녀님의 최애로 간택된 사정
2026-02-24 09:28:35,Kakao,나는 될놈이다
2026-02-24 09:28:35,Kakao,데뷔 못 하면 죽는 병 걸림
2026-02-24 09:28:35,Kakao,11015
2026-02-24 09:28:35,Kakao,제암진천경
2026-02-24 09:28:35,Kakao,899즉사급 올마스터가 레벨업을 잘함
2026-02-24 09:28:35,Kakao,"Top 30026.02.24 18:00 기준1힘숨찐 어린이가 아빠를 찾습니다2괴담에 떨어져도 출근을 해야 하는구나3초월급 천재 트레이너가 되었다4국정원 요원 천재배우로 환생52환생한 암살자는 검술 천재63검은머리 미군 대원수73천살성 특성의 헌터가 되었다8너에게 빼앗을 왕관93한의사, 무림에서 돌아왔습니다105마법학교 마법사로 살아가는 법111자동 루팅 범위가 너무 넓음125공녀님은 진짜만 취급합니다13광마전기145신마대제151일격필살의 소드마스터164천마등선176월야환담 : 신월야184천재 궁수의 스트리밍194악녀는 두 번 산다201초심 잃은 아이돌을 위한 회귀 백서2143멸망한 세계의 4급 인간2214네크로맨서 학교의 소환천재235의원, 다시 살다243변경백 서자는 황제였다257내가 만든 재앙급 소환수가 게이트를 씹어먹음264이번 생은 우주대스타271데뷔 못 하면 죽는 병 걸림284너희들은 변호됐다296고립된 후작 영애는 먹고살고 싶어서305회귀자 멱살 잡고 데뷔합니다312은해상단 막내아들321내가 던진 공이 마구란다335전역 5분 만에 이세계 장교가 되었다344회귀자가 다 만들어줌356흑백무제3625악녀님의 최애로 간택된 사정3741엔딩인 줄 알고 돌아왔더니 장르가 바뀜383신인인데 천만배우3940특성 쌓는 스트라이커407무례하고 다정한416제암진천경428세레나와 불가사의한 미궁433전설급 영웅은 아카데미 우등생4410마론 후작458쌀먹 용사의 자본주의 스트리밍4612백작가의 망나니가 되었다4711년차 만렙 매니저4818금발의 정령사 [개정판]4939사천당가의 시비로 살아남기508주인공의 동생이 성좌로 부활함5112집착 광공이 나를 감금하려고 한다527탑 아이돌 삼촌이 넷이나 생김533병아리반 헌터는 효도 중!5427군림천하551내 새끼 데뷔시키려다 내가 데뷔하게 생김5610피폐 역하렘 남주들의 막내 처제가 되었다572이번 생은 가주가 되겠습니다5810아기는 악당을 키운다5910천재 대장장이의 게임6012천하제일 무공교관6136해고당한날 EX급 헌터로 각성함6214제국의 시녀6310아빠가 힘을 숨김6478복수하는 김에 재벌도 되겠습니다6521혼돈단신669야구단 신입이 너무 잘함67150회귀한 천재 플레이어의 신화급 무기창조68212탑에 갇혀 고인물692초월급 금손 대장장이의 귀환705미궁탐험 1017128마법명가 차남으로 살아남는 법721이 집안을 일으켜세우겠습니다!7323힐링 테라피 숍 사장은 세계 랭킹 0위7487브론즈로 회귀한 올 마스터7524부서진 랭커가 신화를 씹어먹음7616북부 전선의 미친 창잡이778100층의 올마스터7816전생검신79소반파양성대료(후부의 악동들을 키우게 되었습니다)8041망나니 PD 아이돌로 살아남기8167금수저 투자백서8223막내가 뭔갈 많이 숨김8315-99레벨 대마법사841직접 고른 공작 아빠가 눈이 잘 (안) 보임8517역대급 돈지랄 천재 강화사로 각성하다8631회귀자 사용설명서8710너의 윙맨에게 [19세 완전판][단행본]881복수는 시월드부터899즉사급 올마스터가 레벨업을 잘함9017남궁검귀914마탑 키워서 대마법사9227다섯 살 아가 공주, 대궐을 지배하다9347삼류무가 천하제일인9410무한의 마법사9526악인들의 대사형9616적룡무제9737시한부 아기 의원이 천재인 걸 안 숨김985막내 공녀의 총애를 독차지했더니, 모두 내게 집착한다9939강철의 열제10023나만 탑이 두 개다10123명문고 EX급 조연의 리플레이10228화산천마1033방출된 외야수가 천재 투수10422블랙기업조선10512타적농가일상10612망나니 1왕자가 되었다10755무명 여배우인데 모두 날 알아10820랭커를 위한 바른 생활 안내서10935구원 맞선11015재앙급 괴수 테이머의 회귀111주인공이 컨셉충이면 곤란한가요1121죽은 아내가 돌아왔다11323사패무신1146회귀한 천재 대장장이는 올마스터로 각성했다11545템빨116나는 될놈이다117능력 먹고 레벨업하는 영주님118100천재 작곡가, 다시 시작합니다119스킬빨로 레벨업1205친구란 이름 뒤에12150광음지외12218갓 오브 블랙필드 : 데드라인12345여주가 다 해 먹음12413환생자의 스트리밍125크툴루 게임 속 천재 마법사가 되었다1265천마가 탑을 박살 냄12722사랑받는 언니 대신 괴물과 결혼했는데12834삼류문파 대사형1295눈먼 공작과 약혼했다13042남궁천마131다 해먹는 슈퍼스타1329남궁세가 손녀딸의 귀환13366후계자는 모르겠고 힐링이나 하렵니다1342닥터 최대호13518남주의 애착 하녀가 너무 유능함13656학사신공13725회귀의 전설13884좋소기업 사천당가13915검술명가 막내아들14016조선왕자가 미국갔다 안 돌아옴14111릴리에타의 귀환14243로그인 무림14396당신과 나의 답장 사이1441전생자 생활백서1455잊혀진 들판14636666층까지 스킬 독식147148아포칼립스인데, 소환수가 다 해줌14881남주들과 외딴섬에 갇혀버렸다14948여주가 세계를 구함15029적국의 교수를 너무 잘해버렸다"
2026-02-24 09:28:35,Kakao,100층의 올마스터
2026-02-24 09:28:35,Kakao,엔딩인 줄 알고 돌아왔더니 장르가 바뀜
2026-02-24 09:28:35,Kakao,검은머리 미군 대원수
2026-02-24 09:28:35,Kakao,내가 던진 공이 마구란다
2026-02-24 09:28:35,Kakao,"요일연재탭,"
2026-02-24 09:28:35,Kakao,"1힘숨찐 어린이가 아빠를 찾습니다2괴담에 떨어져도 출근을 해야 하는구나3초월급 천재 트레이너가 되었다4국정원 요원 천재배우로 환생52환생한 암살자는 검술 천재63검은머리 미군 대원수73천살성 특성의 헌터가 되었다8너에게 빼앗을 왕관93한의사, 무림에서 돌아왔습니다105마법학교 마법사로 살아가는 법111자동 루팅 범위가 너무 넓음125공녀님은 진짜만 취급합니다13광마전기145신마대제151일격필살의 소드마스터164천마등선176월야환담 : 신월야184천재 궁수의 스트리밍194악녀는 두 번 산다201초심 잃은 아이돌을 위한 회귀 백서2143멸망한 세계의 4급 인간2214네크로맨서 학교의 소환천재235의원, 다시 살다243변경백 서자는 황제였다257내가 만든 재앙급 소환수가 게이트를 씹어먹음264이번 생은 우주대스타271데뷔 못 하면 죽는 병 걸림284너희들은 변호됐다296고립된 후작 영애는 먹고살고 싶어서305회귀자 멱살 잡고 데뷔합니다312은해상단 막내아들321내가 던진 공이 마구란다335전역 5분 만에 이세계 장교가 되었다344회귀자가 다 만들어줌356흑백무제3625악녀님의 최애로 간택된 사정3741엔딩인 줄 알고 돌아왔더니 장르가 바뀜383신인인데 천만배우3940특성 쌓는 스트라이커407무례하고 다정한416제암진천경428세레나와 불가사의한 미궁433전설급 영웅은 아카데미 우등생4410마론 후작458쌀먹 용사의 자본주의 스트리밍4612백작가의 망나니가 되었다4711년차 만렙 매니저4818금발의 정령사 [개정판]4939사천당가의 시비로 살아남기508주인공의 동생이 성좌로 부활함"
2026-02-24 09:28:35,Kakao,다 해먹는 슈퍼스타
2026-02-24 09:28:35,Kakao,"탭,총 16개 중 9번째"
2026-02-24 09:28:35,Kakao,마론 후작
2026-02-24 09:28:35,Kakao,"요일탭,총 16개 중 11번째"
2026-02-24 09:28:35,Kakao,8631회귀자 사용설명서
2026-02-24 09:28:35,Kakao,264이번 생은 우주대스타
2026-02-24 09:28:35,Kakao,125크툴루 게임 속 천재 마법사가 되었다
2026-02-24 09:28:35,Kakao,잊혀진 들판
2026-02-24 09:28:35,Kakao,3741엔딩인 줄 알고 돌아왔더니 장르가 바뀜
2026-02-24 09:28:35,Kakao,후계자는 모르겠고 힐링이나 하렵니다
2026-02-24 09:28:35,Kakao,명문고 EX급 조연의 리플레이
2026-02-24 09:28:35,Kakao,8315-99레벨 대마법사
2026-02-24 09:28:35,Kakao,356흑백무제
2026-02-24 09:28:35,Kakao,10820
2026-02-24 09:28:35,Kakao,3초월급 천재 트레이너가 되었다
2026-02-24 09:28:35,Kakao,"탭,총 16개 중 14번째"
2026-02-24 09:28:35,Kakao,14243로그인 무림
2026-02-24 09:28:35,Kakao,"BL탭,총 16개 중 13번째"
2026-02-24 09:28:35,Kakao,금수저 투자백서
2026-02-24 09:28:35,Kakao,마탑 키워서 대마법사
2026-02-24 09:28:35,Kakao,10512
2026-02-24 09:28:35,Kakao,전역 5분 만에 이세계 장교가 되었다
2026-02-24 09:28:35,Kakao,여주가 다 해 먹음
2026-02-24 09:28:35,Kakao,월야환담 : 신월야
2026-02-24 09:28:35,Kakao,좋소기업 사천당가
2026-02-24 09:28:35,Kakao,공녀님은 진짜만 취급합니다
2026-02-24 09:28:35,Kakao,11545템빨
2026-02-24 09:28:35,Kakao,1329남궁세가 손녀딸의 귀환
2026-02-24 09:28:35,Kakao,12722
2026-02-24 09:28:35,Kakao,복수하는 김에 재벌도 되겠습니다
2026-02-24 09:28:35,Kakao,"93한의사, 무림에서 돌아왔습니다"
2026-02-24 09:28:35,Kakao,"지금핫한탭,총 16개 중 1번째선택됨,실시간 랭킹탭,총 16개 중 2번째오늘신작탭,총 16개 중 3번째남성인기탭,총 16개 중 4번째판타지탭,총 16개 중 5번째현판탭,총 16개 중 6번째무협탭,총 16개 중 7번째로판탭,총 16개 중 8번째로맨스탭,총 16개 중 9번째단행본탭,총 16개 중 10번째요일탭,총 16개 중 11번째완전판탭,총 16개 중 12번째BL탭,총 16개 중 13번째여성인기탭,총 16개 중 14번째페이지명작관탭,총 16개 중 15번째장르전체탭,총 16개 중 16번째"
2026-02-24 09:28:35,Kakao,119스킬빨로 레벨업
2026-02-24 09:28:35,Kakao,533병아리반 헌터는 효도 중!
2026-02-24 09:28:35,Kakao,10512타적농가일상
2026-02-24 09:28:35,Kakao,1265천마가 탑을 박살 냄
2026-02-24 09:28:35,Kakao,사업자등록번호 220-88-02594
2026-02-24 09:28:35,Kakao,79소반파양성대료(후부의 악동들을 키우게 되었습니다)
2026-02-24 09:28:35,Kakao,능력 먹고 레벨업하는 영주님
2026-02-24 09:28:35,Kakao,"단행본탭,총 16개 중 10번째"
2026-02-24 09:28:35,Kakao,10820랭커를 위한 바른 생활 안내서
2026-02-24 09:28:35,Kakao,직접 고른 공작 아빠가 눈이 잘 (안) 보임
2026-02-24 09:28:35,Kakao,너의 윙맨에게 [19세 완전판][단행본]
2026-02-24 09:28:35,Kakao,멸망한 세계의 4급 인간
2026-02-24 09:28:35,Kakao,"9227다섯 살 아가 공주, 대궐을 지배하다"
2026-02-24 09:28:35,Kakao,일격필살의 소드마스터
2026-02-24 09:28:35,Kakao,로그인 무림
2026-02-24 09:28:35,Kakao,나만 탑이 두 개다
2026-02-24 09:28:35,Kakao,국정원 요원 천재배우로 환생
2026-02-24 09:28:35,Kakao,1295눈먼 공작과 약혼했다
2026-02-24 09:28:35,Kakao,7128마법명가 차남으로 살아남는 법
2026-02-24 09:28:35,Kakao,881복수는 시월드부터
2026-02-24 09:28:35,Kakao,자동 루팅 범위가 너무 넓음
2026-02-24 09:28:35,Kakao,666층까지 스킬 독식
2026-02-24 09:28:35,Kakao,-99레벨 대마법사
2026-02-24 09:28:35,Kakao,841직접 고른 공작 아빠가 눈이 잘 (안) 보임
2026-02-24 09:28:35,Kakao,335전역 5분 만에 이세계 장교가 되었다
2026-02-24 09:28:35,Kakao,악녀는 두 번 산다
2026-02-24 09:28:35,Kakao,"장르전체탭,총 16개 중 16번째"
2026-02-24 09:28:35,Kakao,집착 광공이 나를 감금하려고 한다
2026-02-24 09:28:35,Kakao,9410무한의 마법사
2026-02-24 09:28:35,Kakao,전생자 생활백서
2026-02-24 09:28:35,Kakao,캐시 PASS VIP
2026-02-24 09:28:35,Kakao,721이 집안을 일으켜세우겠습니다!
2026-02-24 09:28:35,Kakao,12218
2026-02-24 09:28:35,Kakao,© Kakao Entertainment Corp.
2026-02-24 09:28:35,Kakao,14881남주들과 외딴섬에 갇혀버렸다
2026-02-24 09:28:35,Kakao,"1일차 PICK 결과 공개👀Top 30026.02.24 18:00 기준1힘숨찐 어린이가 아빠를 찾습니다2괴담에 떨어져도 출근을 해야 하는구나3초월급 천재 트레이너가 되었다4국정원 요원 천재배우로 환생52환생한 암살자는 검술 천재63검은머리 미군 대원수73천살성 특성의 헌터가 되었다8너에게 빼앗을 왕관93한의사, 무림에서 돌아왔습니다105마법학교 마법사로 살아가는 법111자동 루팅 범위가 너무 넓음125공녀님은 진짜만 취급합니다13광마전기145신마대제151일격필살의 소드마스터164천마등선176월야환담 : 신월야184천재 궁수의 스트리밍194악녀는 두 번 산다201초심 잃은 아이돌을 위한 회귀 백서2143멸망한 세계의 4급 인간2214네크로맨서 학교의 소환천재235의원, 다시 살다243변경백 서자는 황제였다257내가 만든 재앙급 소환수가 게이트를 씹어먹음264이번 생은 우주대스타271데뷔 못 하면 죽는 병 걸림284너희들은 변호됐다296고립된 후작 영애는 먹고살고 싶어서305회귀자 멱살 잡고 데뷔합니다312은해상단 막내아들321내가 던진 공이 마구란다335전역 5분 만에 이세계 장교가 되었다344회귀자가 다 만들어줌356흑백무제3625악녀님의 최애로 간택된 사정3741엔딩인 줄 알고 돌아왔더니 장르가 바뀜383신인인데 천만배우3940특성 쌓는 스트라이커407무례하고 다정한416제암진천경428세레나와 불가사의한 미궁433전설급 영웅은 아카데미 우등생4410마론 후작458쌀먹 용사의 자본주의 스트리밍4612백작가의 망나니가 되었다4711년차 만렙 매니저4818금발의 정령사 [개정판]4939사천당가의 시비로 살아남기508주인공의 동생이 성좌로 부활함"
2026-02-24 09:28:35,Kakao,14396
2026-02-24 09:28:35,Kakao,"(주)카카오엔터테인먼트 사업자 정보공동대표이사 권기수, 장윤중|호스팅서비스사업자 (주)카카오엔터테인먼트사업자등록번호 220-88-02594|통신판매업 신고번호 2018-성남분당B-0004대표전화 1644-4755|이메일 contact@KakaoPage.com|경기도 성남시 분당구 판교역로 235, 에이치스퀘어 N동 8, 9, 10층|사업자 정보 확인"
2026-02-24 09:28:35,Kakao,"경기도 성남시 분당구 판교역로 235, 에이치스퀘어 N동 8, 9, 10층"
2026-02-24 09:28:35,Kakao,8041망나니 PD 아이돌로 살아남기
2026-02-24 09:28:35,Kakao,11015재앙급 괴수 테이머의 회귀
2026-02-24 09:28:35,Kakao,"선택됨,실시간 랭킹탭,총 16개 중 2번째"
2026-02-24 09:28:35,Kakao,257내가 만든 재앙급 소환수가 게이트를 씹어먹음
2026-02-24 09:28:35,Kakao,천마가 탑을 박살 냄
2026-02-24 09:28:35,Kakao,5112집착 광공이 나를 감금하려고 한다
2026-02-24 09:28:35,Kakao,10612망나니 1왕자가 되었다
2026-02-24 09:28:35,Kakao,508주인공의 동생이 성좌로 부활함
2026-02-24 09:28:35,Kakao,8710너의 윙맨에게 [19세 완전판][단행본]
2026-02-24 09:28:35,Kakao,여주가 세계를 구함
2026-02-24 09:28:35,Kakao,쌀먹 용사의 자본주의 스트리밍
2026-02-24 09:28:35,Kakao,321내가 던진 공이 마구란다
2026-02-24 09:28:35,Kakao,11323사패무신
2026-02-24 09:28:35,Kakao,"지금핫한탭,총 16개 중 1번째선택됨,실시간 랭킹탭,총 16개 중 2번째오늘신작탭,총 16개 중 3번째남성인기탭,총 16개 중 4번째판타지탭,총 16개 중 5번째현판탭,총 16개 중 6번째무협탭,총 16개 중 7번째로판탭,총 16개 중 8번째로맨스탭,총 16개 중 9번째단행본탭,총 16개 중 10번째요일탭,총 16개 중 11번째완전판탭,총 16개 중 12번째BL탭,총 16개 중 13번째여성인기탭,총 16개 중 14번째페이지명작관탭,총 16개 중 15번째장르전체탭,총 16개 중 16번째1일차 PICK 결과 공개👀Top 30026.02.24 18:00 기준1힘숨찐 어린이가 아빠를 찾습니다2괴담에 떨어져도 출근을 해야 하는구나3초월급 천재 트레이너가 되었다4국정원 요원 천재배우로 환생52환생한 암살자는 검술 천재63검은머리 미군 대원수73천살성 특성의 헌터가 되었다8너에게 빼앗을 왕관93한의사, 무림에서 돌아왔습니다105마법학교 마법사로 살아가는 법111자동 루팅 범위가 너무 넓음125공녀님은 진짜만 취급합니다13광마전기145신마대제151일격필살의 소드마스터164천마등선176월야환담 : 신월야184천재 궁수의 스트리밍194악녀는 두 번 산다201초심 잃은 아이돌을 위한 회귀 백서2143멸망한 세계의 4급 인간2214네크로맨서 학교의 소환천재235의원, 다시 살다243변경백 서자는 황제였다257내가 만든 재앙급 소환수가 게이트를 씹어먹음264이번 생은 우주대스타271데뷔 못 하면 죽는 병 걸림284너희들은 변호됐다296고립된 후작 영애는 먹고살고 싶어서305회귀자 멱살 잡고 데뷔합니다312은해상단 막내아들321내가 던진 공이 마구란다335전역 5분 만에 이세계 장교가 되었다344회귀자가 다 만들어줌356흑백무제3625악녀님의 최애로 간택된 사정3741엔딩인 줄 알고 돌아왔더니 장르가 바뀜383신인인데 천만배우3940특성 쌓는 스트라이커407무례하고 다정한416제암진천경428세레나와 불가사의한 미궁433전설급 영웅은 아카데미 우등생4410마론 후작458쌀먹 용사의 자본주의 스트리밍4612백작가의 망나니가 되었다4711년차 만렙 매니저4818금발의 정령사 [개정판]4939사천당가의 시비로 살아남기508주인공의 동생이 성좌로 부활함"
2026-02-24 09:28:35,Kakao,9017남궁검귀
2026-02-24 09:28:35,Kakao,힐링 테라피 숍 사장은 세계 랭킹 0위
2026-02-24 09:28:35,Kakao,"1일차 PICK 결과 공개👀Top 30026.02.24 18:00 기준1힘숨찐 어린이가 아빠를 찾습니다2괴담에 떨어져도 출근을 해야 하는구나3초월급 천재 트레이너가 되었다4국정원 요원 천재배우로 환생52환생한 암살자는 검술 천재63검은머리 미군 대원수73천살성 특성의 헌터가 되었다8너에게 빼앗을 왕관93한의사, 무림에서 돌아왔습니다105마법학교 마법사로 살아가는 법111자동 루팅 범위가 너무 넓음125공녀님은 진짜만 취급합니다13광마전기145신마대제151일격필살의 소드마스터164천마등선176월야환담 : 신월야184천재 궁수의 스트리밍194악녀는 두 번 산다201초심 잃은 아이돌을 위한 회귀 백서2143멸망한 세계의 4급 인간2214네크로맨서 학교의 소환천재235의원, 다시 살다243변경백 서자는 황제였다257내가 만든 재앙급 소환수가 게이트를 씹어먹음264이번 생은 우주대스타271데뷔 못 하면 죽는 병 걸림284너희들은 변호됐다296고립된 후작 영애는 먹고살고 싶어서305회귀자 멱살 잡고 데뷔합니다312은해상단 막내아들321내가 던진 공이 마구란다335전역 5분 만에 이세계 장교가 되었다344회귀자가 다 만들어줌356흑백무제3625악녀님의 최애로 간택된 사정3741엔딩인 줄 알고 돌아왔더니 장르가 바뀜383신인인데 천만배우3940특성 쌓는 스트라이커407무례하고 다정한416제암진천경428세레나와 불가사의한 미궁433전설급 영웅은 아카데미 우등생4410마론 후작458쌀먹 용사의 자본주의 스트리밍4612백작가의 망나니가 되었다4711년차 만렙 매니저4818금발의 정령사 [개정판]4939사천당가의 시비로 살아남기508주인공의 동생이 성좌로 부활함5112집착 광공이 나를 감금하려고 한다527탑 아이돌 삼촌이 넷이나 생김533병아리반 헌터는 효도 중!5427군림천하551내 새끼 데뷔시키려다 내가 데뷔하게 생김5610피폐 역하렘 남주들의 막내 처제가 되었다572이번 생은 가주가 되겠습니다5810아기는 악당을 키운다5910천재 대장장이의 게임6012천하제일 무공교관6136해고당한날 EX급 헌터로 각성함6214제국의 시녀6310아빠가 힘을 숨김6478복수하는 김에 재벌도 되겠습니다6521혼돈단신669야구단 신입이 너무 잘함67150회귀한 천재 플레이어의 신화급 무기창조68212탑에 갇혀 고인물692초월급 금손 대장장이의 귀환705미궁탐험 1017128마법명가 차남으로 살아남는 법721이 집안을 일으켜세우겠습니다!7323힐링 테라피 숍 사장은 세계 랭킹 0위7487브론즈로 회귀한 올 마스터7524부서진 랭커가 신화를 씹어먹음7616북부 전선의 미친 창잡이778100층의 올마스터7816전생검신79소반파양성대료(후부의 악동들을 키우게 되었습니다)8041망나니 PD 아이돌로 살아남기8167금수저 투자백서8223막내가 뭔갈 많이 숨김8315-99레벨 대마법사841직접 고른 공작 아빠가 눈이 잘 (안) 보임8517역대급 돈지랄 천재 강화사로 각성하다8631회귀자 사용설명서8710너의 윙맨에게 [19세 완전판][단행본]881복수는 시월드부터899즉사급 올마스터가 레벨업을 잘함9017남궁검귀914마탑 키워서 대마법사9227다섯 살 아가 공주, 대궐을 지배하다9347삼류무가 천하제일인9410무한의 마법사9526악인들의 대사형9616적룡무제9737시한부 아기 의원이 천재인 걸 안 숨김985막내 공녀의 총애를 독차지했더니, 모두 내게 집착한다9939강철의 열제10023나만 탑이 두 개다"
2026-02-24 09:28:35,Kakao,브론즈로 회귀한 올 마스터
2026-02-24 09:28:35,Kakao,환생자의 스트리밍
2026-02-24 09:28:35,Kakao,1146회귀한 천재 대장장이는 올마스터로 각성했다
2026-02-24 09:28:35,Kakao,4939사천당가의 시비로 살아남기
2026-02-24 09:28:35,Kakao,괴담에 떨어져도 출근을 해야 하는구나
2026-02-24 09:28:35,Kakao,주인공의 동생이 성좌로 부활함
2026-02-24 09:28:35,Kakao,"공동대표이사 권기수, 장윤중"
2026-02-24 09:28:35,Kakao,눈먼 공작과 약혼했다
2026-02-24 09:28:35,Kakao,12150광음지외
2026-02-24 09:28:35,Kakao,1년차 만렙 매니저
2026-02-24 09:28:35,Kakao,총 5개 중 1번째
2026-02-24 09:28:35,Kakao,6136해고당한날 EX급 헌터로 각성함
2026-02-24 09:28:35,Kakao,527탑 아이돌 삼촌이 넷이나 생김
2026-02-24 09:28:35,Kakao,적국의 교수를 너무 잘해버렸다
2026-02-24 09:28:35,Kakao,14243
2026-02-24 09:28:35,Kakao,신인인데 천만배우
2026-02-24 09:28:35,Kakao,다크 모드
2026-02-24 09:28:35,Kakao,야구단 신입이 너무 잘함
2026-02-24 09:28:35,Kakao,416제암진천경
2026-02-24 09:28:35,Kakao,9737시한부 아기 의원이 천재인 걸 안 숨김
2026-02-24 09:28:35,Kakao,캐시 내역
2026-02-24 09:28:35,Kakao,닥터 최대호
2026-02-24 09:28:35,Kakao,제국의 시녀
2026-02-24 09:28:35,Kakao,13518남주의 애착 하녀가 너무 유능함
2026-02-24 09:28:35,Kakao,랭커를 위한 바른 생활 안내서
2026-02-24 09:28:35,Kakao,"의원, 다시 살다"
2026-02-24 09:28:35,Kakao,"로판탭,총 16개 중 8번째"
2026-02-24 09:28:35,Kakao,"추천탭,총 5개 중 1번째웹툰탭,총 5개 중 2번째선택됨,웹소설탭,총 5개 중 3번째책탭,총 5개 중 4번째요일연재탭,총 5개 중 5번째"
2026-02-24 09:28:35,Kakao,천재 대장장이의 게임
2026-02-24 09:28:35,Kakao,4711년차 만렙 매니저
2026-02-24 09:28:35,Kakao,7323힐링 테라피 숍 사장은 세계 랭킹 0위
2026-02-24 09:28:35,Kakao,"탭,총 16개 중 2번째"
2026-02-24 09:28:35,Kakao,환생한 암살자는 검술 천재
2026-02-24 09:28:35,Kakao,11545
2026-02-24 09:28:35,Kakao,"완전판탭,총 16개 중 12번째"
2026-02-24 09:28:35,Kakao,마법명가 차남으로 살아남는 법
2026-02-24 09:28:35,Kakao,131다 해먹는 슈퍼스타
2026-02-24 09:28:35,Kakao,6012천하제일 무공교관
2026-02-24 09:28:35,Kakao,사랑받는 언니 대신 괴물과 결혼했는데
2026-02-24 09:28:35,Kakao,10228
2026-02-24 09:28:35,Kakao,막내가 뭔갈 많이 숨김
2026-02-24 09:28:35,Kakao,남주들과 외딴섬에 갇혀버렸다
2026-02-24 09:28:35,Kakao,힘숨찐 어린이가 아빠를 찾습니다
2026-02-24 09:28:35,Kakao,사업자등록번호 220-88-02594|통신판매업 신고번호 2018-성남분당B-0004
2026-02-24 09:28:35,Kakao,친구란 이름 뒤에
2026-02-24 09:28:35,Kakao,조선왕자가 미국갔다 안 돌아옴
2026-02-24 09:28:35,Kakao,님-충전알림캐시 PASS VIP캐시 내역이용권 내역댓글 내역공지사항고객센터쿠폰 등록설정다크 모드로그아웃
2026-02-24 09:28:35,Kakao,6310아빠가 힘을 숨김
2026-02-24 09:28:35,Kakao,243변경백 서자는 황제였다
2026-02-24 09:28:35,Kakao,14636666층까지 스킬 독식
2026-02-24 09:28:35,Kakao,7524부서진 랭커가 신화를 씹어먹음
2026-02-24 09:28:35,Kakao,회사 소개
2026-02-24 09:28:35,Kakao,10935구원 맞선
2026-02-24 09:28:35,Kakao,12218갓 오브 블랙필드 : 데드라인
2026-02-24 09:28:35,Kakao,13광마전기
2026-02-24 09:28:35,Kakao,회귀의 전설
2026-02-24 09:28:35,Kakao,433전설급 영웅은 아카데미 우등생
2026-02-24 09:28:35,Kakao,5910천재 대장장이의 게임
2026-02-24 09:28:35,Kakao,692초월급 금손 대장장이의 귀환
2026-02-24 09:28:35,Kakao,13725회귀의 전설
2026-02-24 09:28:35,Kakao,164천마등선
2026-02-24 09:28:35,Kakao,세레나와 불가사의한 미궁
2026-02-24 09:28:35,Kakao,릴리에타의 귀환
2026-02-24 09:28:35,Kakao,미궁탐험 101
2026-02-24 09:28:35,Kakao,(주)카카오엔터테인먼트 사업자 정보
2026-02-24 09:28:35,Kakao,201초심 잃은 아이돌을 위한 회귀 백서
2026-02-24 09:28:35,Kakao,"공동대표이사 권기수, 장윤중|호스팅서비스사업자 (주)카카오엔터테인먼트"
2026-02-24 09:28:35,Kakao,"회사 소개이용약관개인정보처리방침청소년보호정책고객센터공지사항(주)카카오엔터테인먼트 사업자 정보공동대표이사 권기수, 장윤중|호스팅서비스사업자 (주)카카오엔터테인먼트사업자등록번호 220-88-02594|통신판매업 신고번호 2018-성남분당B-0004대표전화 1644-4755|이메일 contact@KakaoPage.com|경기도 성남시 분당구 판교역로 235, 에이치스퀘어 N동 8, 9, 10층|사업자 정보 확인© Kakao Entertainment Corp."
2026-02-24 09:28:35,Kakao,"147148아포칼립스인데, 소환수가 다 해줌"
2026-02-24 09:28:35,Kakao,해고당한날 EX급 헌터로 각성함
2026-02-24 09:28:35,Kakao,13656학사신공
2026-02-24 09:28:35,Kakao,14948
2026-02-24 09:28:35,Kakao,12834
2026-02-24 09:28:35,Kakao,312은해상단 막내아들
2026-02-24 09:28:35,Kakao,댓글 내역
2026-02-24 09:28:35,Kakao,10023
2026-02-24 09:28:35,Kakao,회사 소개이용약관개인정보처리방침청소년보호정책고객센터공지사항
2026-02-24 09:28:35,Kakao,8167금수저 투자백서
2026-02-24 09:28:35,Kakao,방출된 외야수가 천재 투수
2026-02-24 09:28:35,Kakao,1205친구란 이름 뒤에
2026-02-24 09:28:35,Kakao,68212
2026-02-24 09:28:35,Kakao,10123
2026-02-24 09:28:35,Kakao,117능력 먹고 레벨업하는 영주님
2026-02-24 09:28:35,Kakao,13366
2026-02-24 09:28:35,Kakao,111주인공이 컨셉충이면 곤란한가요
2026-02-24 09:28:35,Kakao,"탭,총 16개 중 6번째"
2026-02-24 09:28:35,Kakao,15029
2026-02-24 09:28:35,Kakao,2214네크로맨서 학교의 소환천재
2026-02-24 09:28:35,Kakao,116나는 될놈이다
2026-02-24 09:28:35,Kakao,14636
2026-02-24 09:28:35,Kakao,총 5개 중 5번째
2026-02-24 09:28:35,Kakao,"탭,총 16개 중 1번째"
2026-02-24 09:28:35,Kakao,12345
2026-02-24 09:28:35,Kakao,너에게 빼앗을 왕관
2026-02-24 09:28:35,Kakao,10935
2026-02-24 09:28:35,Kakao,407무례하고 다정한
2026-02-24 09:28:35,Kakao,13518
2026-02-24 09:28:35,Kakao,"118100천재 작곡가, 다시 시작합니다"
2026-02-24 09:28:35,Kakao,1342닥터 최대호
2026-02-24 09:28:35,Kakao,6214제국의 시녀
2026-02-24 09:28:35,Kakao,1일차 PICK 결과 공개👀
2026-02-24 09:28:35,Kakao,"탭,총 16개 중 13번째"
2026-02-24 09:28:35,Kakao,구원 맞선
2026-02-24 09:28:35,Kakao,2143멸망한 세계의 4급 인간
2026-02-24 09:28:35,Kakao,탑에 갇혀 고인물
2026-02-24 09:28:35,Kakao,8223막내가 뭔갈 많이 숨김
2026-02-24 09:28:35,Kakao,"현판탭,총 16개 중 6번째"
2026-02-24 09:28:35,Kakao,총 5개 중 3번째
2026-02-24 09:28:35,Kakao,피폐 역하렘 남주들의 막내 처제가 되었다
2026-02-24 09:28:35,Kakao,"판타지탭,총 16개 중 5번째"
2026-02-24 09:28:35,Kakao,10123명문고 EX급 조연의 리플레이
2026-02-24 09:28:35,Kakao,14396당신과 나의 답장 사이
2026-02-24 09:28:35,Kakao,"Top 30026.02.24 18:00 기준1힘숨찐 어린이가 아빠를 찾습니다2괴담에 떨어져도 출근을 해야 하는구나3초월급 천재 트레이너가 되었다4국정원 요원 천재배우로 환생52환생한 암살자는 검술 천재63검은머리 미군 대원수73천살성 특성의 헌터가 되었다8너에게 빼앗을 왕관93한의사, 무림에서 돌아왔습니다105마법학교 마법사로 살아가는 법111자동 루팅 범위가 너무 넓음125공녀님은 진짜만 취급합니다13광마전기145신마대제151일격필살의 소드마스터164천마등선176월야환담 : 신월야184천재 궁수의 스트리밍194악녀는 두 번 산다201초심 잃은 아이돌을 위한 회귀 백서2143멸망한 세계의 4급 인간2214네크로맨서 학교의 소환천재235의원, 다시 살다243변경백 서자는 황제였다257내가 만든 재앙급 소환수가 게이트를 씹어먹음264이번 생은 우주대스타271데뷔 못 하면 죽는 병 걸림284너희들은 변호됐다296고립된 후작 영애는 먹고살고 싶어서305회귀자 멱살 잡고 데뷔합니다312은해상단 막내아들321내가 던진 공이 마구란다335전역 5분 만에 이세계 장교가 되었다344회귀자가 다 만들어줌356흑백무제3625악녀님의 최애로 간택된 사정3741엔딩인 줄 알고 돌아왔더니 장르가 바뀜383신인인데 천만배우3940특성 쌓는 스트라이커407무례하고 다정한416제암진천경428세레나와 불가사의한 미궁433전설급 영웅은 아카데미 우등생4410마론 후작458쌀먹 용사의 자본주의 스트리밍4612백작가의 망나니가 되었다4711년차 만렙 매니저4818금발의 정령사 [개정판]4939사천당가의 시비로 살아남기508주인공의 동생이 성좌로 부활함5112집착 광공이 나를 감금하려고 한다527탑 아이돌 삼촌이 넷이나 생김533병아리반 헌터는 효도 중!5427군림천하551내 새끼 데뷔시키려다 내가 데뷔하게 생김5610피폐 역하렘 남주들의 막내 처제가 되었다572이번 생은 가주가 되겠습니다5810아기는 악당을 키운다5910천재 대장장이의 게임6012천하제일 무공교관6136해고당한날 EX급 헌터로 각성함6214제국의 시녀6310아빠가 힘을 숨김6478복수하는 김에 재벌도 되겠습니다6521혼돈단신669야구단 신입이 너무 잘함67150회귀한 천재 플레이어의 신화급 무기창조68212탑에 갇혀 고인물692초월급 금손 대장장이의 귀환705미궁탐험 1017128마법명가 차남으로 살아남는 법721이 집안을 일으켜세우겠습니다!7323힐링 테라피 숍 사장은 세계 랭킹 0위7487브론즈로 회귀한 올 마스터7524부서진 랭커가 신화를 씹어먹음7616북부 전선의 미친 창잡이778100층의 올마스터7816전생검신79소반파양성대료(후부의 악동들을 키우게 되었습니다)8041망나니 PD 아이돌로 살아남기8167금수저 투자백서8223막내가 뭔갈 많이 숨김8315-99레벨 대마법사841직접 고른 공작 아빠가 눈이 잘 (안) 보임8517역대급 돈지랄 천재 강화사로 각성하다8631회귀자 사용설명서8710너의 윙맨에게 [19세 완전판][단행본]881복수는 시월드부터899즉사급 올마스터가 레벨업을 잘함9017남궁검귀914마탑 키워서 대마법사9227다섯 살 아가 공주, 대궐을 지배하다9347삼류무가 천하제일인9410무한의 마법사9526악인들의 대사형9616적룡무제9737시한부 아기 의원이 천재인 걸 안 숨김985막내 공녀의 총애를 독차지했더니, 모두 내게 집착한다9939강철의 열제10023나만 탑이 두 개다"
2026-02-24 09:28:35,Kakao,죽은 아내가 돌아왔다
2026-02-24 09:28:35,Kakao,63검은머리 미군 대원수
2026-02-24 09:28:35,Kakao,6521혼돈단신
2026-02-24 09:28:35,Kakao,305회귀자 멱살 잡고 데뷔합니다
2026-02-24 09:28:35,Kakao,즉사급 올마스터가 레벨업을 잘함
2026-02-24 09:28:35,Kakao,"한의사, 무림에서 돌아왔습니다"
2026-02-24 09:28:35,Kakao,아빠가 힘을 숨김
2026-02-24 09:28:35,Kakao,네크로맨서 학교의 소환천재
2026-02-24 09:28:35,Kakao,572이번 생은 가주가 되겠습니다
2026-02-24 09:28:35,Kakao,"로맨스탭,총 16개 중 9번째"
2026-02-24 09:28:35,Kakao,재앙급 괴수 테이머의 회귀
2026-02-24 09:28:35,Kakao,내 새끼 데뷔시키려다 내가 데뷔하게 생김
2026-02-24 09:28:35,Kakao,알림캐시 PASS VIP캐시 내역이용권 내역댓글 내역공지사항고객센터쿠폰 등록설정
2026-02-24 09:28:35,Kakao,10422블랙기업조선
2026-02-24 09:28:35,Kakao,13884
2026-02-24 09:28:35,Kakao,호스팅서비스사업자 (주)카카오엔터테인먼트
2026-02-24 09:28:35,Kakao,"오늘신작탭,총 16개 중 3번째"
2026-02-24 09:28:35,Kakao,"지금핫한탭,총 16개 중 1번째"
2026-02-24 09:28:35,Kakao,내가 만든 재앙급 소환수가 게이트를 씹어먹음
2026-02-24 09:28:35,Kakao,778100층의 올마스터
2026-02-24 09:28:35,Kakao,68212탑에 갇혀 고인물
2026-02-24 09:28:35,Kakao,무한의 마법사
2026-02-24 09:28:35,Kakao,"탭,총 16개 중 12번째"
2026-02-24 09:28:35,Kakao,296고립된 후작 영애는 먹고살고 싶어서
2026-02-24 09:28:35,Kakao,1121죽은 아내가 돌아왔다
2026-02-24 09:28:35,Kakao,Top 30026.02.24 18:00 기준
2026-02-24 09:28:35,Kakao,블랙기업조선
2026-02-24 09:28:35,Kakao,12150
2026-02-24 09:28:35,Kakao,변경백 서자는 황제였다
2026-02-24 09:28:35,Kakao,이번 생은 가주가 되겠습니다
2026-02-24 09:28:35,Kakao,14016조선왕자가 미국갔다 안 돌아옴
2026-02-24 09:28:35,Kakao,914마탑 키워서 대마법사
2026-02-24 09:28:35,Kakao,북부 전선의 미친 창잡이
2026-02-24 09:28:35,Kakao,대표전화 1644-4755
2026-02-24 09:28:35,Kakao,천재 궁수의 스트리밍
2026-02-24 09:28:35,Kakao,"1힘숨찐 어린이가 아빠를 찾습니다2괴담에 떨어져도 출근을 해야 하는구나3초월급 천재 트레이너가 되었다4국정원 요원 천재배우로 환생52환생한 암살자는 검술 천재63검은머리 미군 대원수73천살성 특성의 헌터가 되었다8너에게 빼앗을 왕관93한의사, 무림에서 돌아왔습니다105마법학교 마법사로 살아가는 법111자동 루팅 범위가 너무 넓음125공녀님은 진짜만 취급합니다13광마전기145신마대제151일격필살의 소드마스터164천마등선176월야환담 : 신월야184천재 궁수의 스트리밍194악녀는 두 번 산다201초심 잃은 아이돌을 위한 회귀 백서2143멸망한 세계의 4급 인간2214네크로맨서 학교의 소환천재235의원, 다시 살다243변경백 서자는 황제였다257내가 만든 재앙급 소환수가 게이트를 씹어먹음264이번 생은 우주대스타271데뷔 못 하면 죽는 병 걸림284너희들은 변호됐다296고립된 후작 영애는 먹고살고 싶어서305회귀자 멱살 잡고 데뷔합니다312은해상단 막내아들321내가 던진 공이 마구란다335전역 5분 만에 이세계 장교가 되었다344회귀자가 다 만들어줌356흑백무제3625악녀님의 최애로 간택된 사정3741엔딩인 줄 알고 돌아왔더니 장르가 바뀜383신인인데 천만배우3940특성 쌓는 스트라이커407무례하고 다정한416제암진천경428세레나와 불가사의한 미궁433전설급 영웅은 아카데미 우등생4410마론 후작458쌀먹 용사의 자본주의 스트리밍4612백작가의 망나니가 되었다4711년차 만렙 매니저4818금발의 정령사 [개정판]4939사천당가의 시비로 살아남기508주인공의 동생이 성좌로 부활함5112집착 광공이 나를 감금하려고 한다527탑 아이돌 삼촌이 넷이나 생김533병아리반 헌터는 효도 중!5427군림천하551내 새끼 데뷔시키려다 내가 데뷔하게 생김5610피폐 역하렘 남주들의 막내 처제가 되었다572이번 생은 가주가 되겠습니다5810아기는 악당을 키운다5910천재 대장장이의 게임6012천하제일 무공교관6136해고당한날 EX급 헌터로 각성함6214제국의 시녀6310아빠가 힘을 숨김6478복수하는 김에 재벌도 되겠습니다6521혼돈단신669야구단 신입이 너무 잘함67150회귀한 천재 플레이어의 신화급 무기창조68212탑에 갇혀 고인물692초월급 금손 대장장이의 귀환705미궁탐험 1017128마법명가 차남으로 살아남는 법721이 집안을 일으켜세우겠습니다!7323힐링 테라피 숍 사장은 세계 랭킹 0위7487브론즈로 회귀한 올 마스터7524부서진 랭커가 신화를 씹어먹음7616북부 전선의 미친 창잡이778100층의 올마스터7816전생검신79소반파양성대료(후부의 악동들을 키우게 되었습니다)8041망나니 PD 아이돌로 살아남기8167금수저 투자백서8223막내가 뭔갈 많이 숨김8315-99레벨 대마법사841직접 고른 공작 아빠가 눈이 잘 (안) 보임8517역대급 돈지랄 천재 강화사로 각성하다8631회귀자 사용설명서8710너의 윙맨에게 [19세 완전판][단행본]881복수는 시월드부터899즉사급 올마스터가 레벨업을 잘함9017남궁검귀914마탑 키워서 대마법사9227다섯 살 아가 공주, 대궐을 지배하다9347삼류무가 천하제일인9410무한의 마법사9526악인들의 대사형9616적룡무제9737시한부 아기 의원이 천재인 걸 안 숨김985막내 공녀의 총애를 독차지했더니, 모두 내게 집착한다9939강철의 열제10023나만 탑이 두 개다10123명문고 EX급 조연의 리플레이10228화산천마1033방출된 외야수가 천재 투수10422블랙기업조선10512타적농가일상10612망나니 1왕자가 되었다10755무명 여배우인데 모두 날 알아10820랭커를 위한 바른 생활 안내서10935구원 맞선11015재앙급 괴수 테이머의 회귀111주인공이 컨셉충이면 곤란한가요1121죽은 아내가 돌아왔다11323사패무신1146회귀한 천재 대장장이는 올마스터로 각성했다11545템빨116나는 될놈이다117능력 먹고 레벨업하는 영주님118100천재 작곡가, 다시 시작합니다119스킬빨로 레벨업1205친구란 이름 뒤에12150광음지외12218갓 오브 블랙필드 : 데드라인12345여주가 다 해 먹음12413환생자의 스트리밍125크툴루 게임 속 천재 마법사가 되었다1265천마가 탑을 박살 냄12722사랑받는 언니 대신 괴물과 결혼했는데12834삼류문파 대사형1295눈먼 공작과 약혼했다13042남궁천마131다 해먹는 슈퍼스타1329남궁세가 손녀딸의 귀환13366후계자는 모르겠고 힐링이나 하렵니다1342닥터 최대호13518남주의 애착 하녀가 너무 유능함13656학사신공13725회귀의 전설13884좋소기업 사천당가13915검술명가 막내아들14016조선왕자가 미국갔다 안 돌아옴14111릴리에타의 귀환14243로그인 무림14396당신과 나의 답장 사이1441전생자 생활백서1455잊혀진 들판14636666층까지 스킬 독식147148아포칼립스인데, 소환수가 다 해줌14881남주들과 외딴섬에 갇혀버렸다14948여주가 세계를 구함15029적국의 교수를 너무 잘해버렸다"
2026-02-24 09:28:35,Kakao,소반파양성대료(후부의 악동들을 키우게 되었습니다)
